Record ID	Category	Component	Blueprint/Defaults path	Derived-ledger key	PR #66 path	PR #66 value	Current value	Authority class	Resolution state	Evidence source	Evidence type	Current blocker	Owner	RPC required	Deployment required	Downstream consumer	Recommended action	Notes
META-000	Evidence label	Evidence only — not configuration or deployment authority	n/a	n/a	n/a	n/a	n/a	evidence metadata	already_accepted_current_authority	this TSV	label	n/a	reviewer	no	no	all	Review only; do not treat this file as authority.	Evidence only — not configuration or deployment authority
P-H04-001	PR #66 selected input	Canonical Robinhood value for Defaults.genConfig.perUserMaxVaults.	Defaults.genConfig.perUserMaxVaults	P-H04-001	contracts/config/DefaultsRobinHood.vy::Defaults.genConfig.perUserMaxVaults	5	5	current human-edited Blueprint/Defaults authority represented in derived ledger	already_accepted_current_authority	PR #66 0f79b626c6ec4788ba43b3132ada9ebec6084f2a; config/robinhood-parameters.json at 5f5d22b7ee78cbb904c4fe3c6e46599c330c4353	exact Git/derived-ledger reconciliation	none	D-H04-22	no	no	DefaultsRobinhood source and derived-ledger synchronization	Preserve current authority; do not re-import PR #66	status=approved; source commit retained for provenance; Evidence only — not configuration or deployment authority
P-H04-002	PR #66 selected input	Canonical Robinhood value for Defaults.genConfig.perUserMaxAssetsPerVault.	Defaults.genConfig.perUserMaxAssetsPerVault	P-H04-002	contracts/config/DefaultsRobinHood.vy::Defaults.genConfig.perUserMaxAssetsPerVault	15	15	current human-edited Blueprint/Defaults authority represented in derived ledger	already_accepted_current_authority	PR #66 0f79b626c6ec4788ba43b3132ada9ebec6084f2a; config/robinhood-parameters.json at 5f5d22b7ee78cbb904c4fe3c6e46599c330c4353	exact Git/derived-ledger reconciliation	none	D-H04-22	no	no	DefaultsRobinhood source and derived-ledger synchronization	Preserve current authority; do not re-import PR #66	status=approved; source commit retained for provenance; Evidence only — not configuration or deployment authority
P-H04-003	PR #66 selected input	Canonical Robinhood value for Defaults.genConfig.priceStaleTime.	Defaults.genConfig.priceStaleTime	P-H04-003	contracts/config/DefaultsRobinHood.vy::Defaults.genConfig.priceStaleTime	86400	86400	current human-edited Blueprint/Defaults authority represented in derived ledger	already_accepted_current_authority	PR #66 0f79b626c6ec4788ba43b3132ada9ebec6084f2a; config/robinhood-parameters.json at 5f5d22b7ee78cbb904c4fe3c6e46599c330c4353	exact Git/derived-ledger reconciliation	none	D-H04-22	no	no	DefaultsRobinhood source and derived-ledger synchronization	Preserve current authority; do not re-import PR #66	status=approved; source commit retained for provenance; Evidence only — not configuration or deployment authority
P-H04-004	PR #66 selected input	Canonical Robinhood value for Defaults.genConfig.canDeposit.	Defaults.genConfig.canDeposit	P-H04-004	contracts/config/DefaultsRobinHood.vy::Defaults.genConfig.canDeposit	true	true	current human-edited Blueprint/Defaults authority represented in derived ledger	already_accepted_current_authority	PR #66 0f79b626c6ec4788ba43b3132ada9ebec6084f2a; config/robinhood-parameters.json at 5f5d22b7ee78cbb904c4fe3c6e46599c330c4353	exact Git/derived-ledger reconciliation	none	D-H04-22	no	no	DefaultsRobinhood source and derived-ledger synchronization	Preserve current authority; do not re-import PR #66	status=approved; source commit retained for provenance; Evidence only — not configuration or deployment authority
P-H04-005	PR #66 selected input	Canonical Robinhood value for Defaults.genConfig.canWithdraw.	Defaults.genConfig.canWithdraw	P-H04-005	contracts/config/DefaultsRobinHood.vy::Defaults.genConfig.canWithdraw	true	true	current human-edited Blueprint/Defaults authority represented in derived ledger	already_accepted_current_authority	PR #66 0f79b626c6ec4788ba43b3132ada9ebec6084f2a; config/robinhood-parameters.json at 5f5d22b7ee78cbb904c4fe3c6e46599c330c4353	exact Git/derived-ledger reconciliation	none	D-H04-22	no	no	DefaultsRobinhood source and derived-ledger synchronization	Preserve current authority; do not re-import PR #66	status=approved; source commit retained for provenance; Evidence only — not configuration or deployment authority
P-H04-006	PR #66 selected input	Canonical Robinhood value for Defaults.genConfig.canBorrow.	Defaults.genConfig.canBorrow	P-H04-006	contracts/config/DefaultsRobinHood.vy::Defaults.genConfig.canBorrow	true	true	current human-edited Blueprint/Defaults authority represented in derived ledger	already_accepted_current_authority	PR #66 0f79b626c6ec4788ba43b3132ada9ebec6084f2a; config/robinhood-parameters.json at 5f5d22b7ee78cbb904c4fe3c6e46599c330c4353	exact Git/derived-ledger reconciliation	none	D-H04-22	no	no	DefaultsRobinhood source and derived-ledger synchronization	Preserve current authority; do not re-import PR #66	status=approved; source commit retained for provenance; Evidence only — not configuration or deployment authority
P-H04-007	PR #66 selected input	Canonical Robinhood value for Defaults.genConfig.canRepay.	Defaults.genConfig.canRepay	P-H04-007	contracts/config/DefaultsRobinHood.vy::Defaults.genConfig.canRepay	true	true	current human-edited Blueprint/Defaults authority represented in derived ledger	already_accepted_current_authority	PR #66 0f79b626c6ec4788ba43b3132ada9ebec6084f2a; config/robinhood-parameters.json at 5f5d22b7ee78cbb904c4fe3c6e46599c330c4353	exact Git/derived-ledger reconciliation	none	D-H04-22	no	no	DefaultsRobinhood source and derived-ledger synchronization	Preserve current authority; do not re-import PR #66	status=approved; source commit retained for provenance; Evidence only — not configuration or deployment authority
P-H04-008	PR #66 selected input	Canonical Robinhood value for Defaults.genConfig.canClaimLoot.	Defaults.genConfig.canClaimLoot	P-H04-008	contracts/config/DefaultsRobinHood.vy::Defaults.genConfig.canClaimLoot	true	true	current human-edited Blueprint/Defaults authority represented in derived ledger	already_accepted_current_authority	PR #66 0f79b626c6ec4788ba43b3132ada9ebec6084f2a; config/robinhood-parameters.json at 5f5d22b7ee78cbb904c4fe3c6e46599c330c4353	exact Git/derived-ledger reconciliation	none	D-H04-22	no	no	DefaultsRobinhood source and derived-ledger synchronization	Preserve current authority; do not re-import PR #66	status=approved; source commit retained for provenance; Evidence only — not configuration or deployment authority
P-H04-009	PR #66 selected input	Canonical Robinhood value for Defaults.genConfig.canLiquidate.	Defaults.genConfig.canLiquidate	P-H04-009	contracts/config/DefaultsRobinHood.vy::Defaults.genConfig.canLiquidate	true	true	current human-edited Blueprint/Defaults authority represented in derived ledger	already_accepted_current_authority	PR #66 0f79b626c6ec4788ba43b3132ada9ebec6084f2a; config/robinhood-parameters.json at 5f5d22b7ee78cbb904c4fe3c6e46599c330c4353	exact Git/derived-ledger reconciliation	none	D-H04-22	no	no	DefaultsRobinhood source and derived-ledger synchronization	Preserve current authority; do not re-import PR #66	status=approved; source commit retained for provenance; Evidence only — not configuration or deployment authority
P-H04-010	PR #66 selected input	Canonical Robinhood value for Defaults.genConfig.canRedeemCollateral.	Defaults.genConfig.canRedeemCollateral	P-H04-010	contracts/config/DefaultsRobinHood.vy::Defaults.genConfig.canRedeemCollateral	true	true	current human-edited Blueprint/Defaults authority represented in derived ledger	already_accepted_current_authority	PR #66 0f79b626c6ec4788ba43b3132ada9ebec6084f2a; config/robinhood-parameters.json at 5f5d22b7ee78cbb904c4fe3c6e46599c330c4353	exact Git/derived-ledger reconciliation	none	D-H04-22	no	no	DefaultsRobinhood source and derived-ledger synchronization	Preserve current authority; do not re-import PR #66	status=approved; source commit retained for provenance; Evidence only — not configuration or deployment authority
P-H04-011	PR #66 selected input	Canonical Robinhood value for Defaults.genConfig.canRedeemInStabPool.	Defaults.genConfig.canRedeemInStabPool	P-H04-011	contracts/config/DefaultsRobinHood.vy::Defaults.genConfig.canRedeemInStabPool	true	true	current human-edited Blueprint/Defaults authority represented in derived ledger	already_accepted_current_authority	PR #66 0f79b626c6ec4788ba43b3132ada9ebec6084f2a; config/robinhood-parameters.json at 5f5d22b7ee78cbb904c4fe3c6e46599c330c4353	exact Git/derived-ledger reconciliation	none	D-H04-22	no	no	DefaultsRobinhood source and derived-ledger synchronization	Preserve current authority; do not re-import PR #66	status=approved; source commit retained for provenance; Evidence only — not configuration or deployment authority
P-H04-012	PR #66 selected input	Canonical Robinhood value for Defaults.genConfig.canBuyInAuction.	Defaults.genConfig.canBuyInAuction	P-H04-012	contracts/config/DefaultsRobinHood.vy::Defaults.genConfig.canBuyInAuction	true	true	current human-edited Blueprint/Defaults authority represented in derived ledger	already_accepted_current_authority	PR #66 0f79b626c6ec4788ba43b3132ada9ebec6084f2a; config/robinhood-parameters.json at 5f5d22b7ee78cbb904c4fe3c6e46599c330c4353	exact Git/derived-ledger reconciliation	none	D-H04-22	no	no	DefaultsRobinhood source and derived-ledger synchronization	Preserve current authority; do not re-import PR #66	status=approved; source commit retained for provenance; Evidence only — not configuration or deployment authority
P-H04-013	PR #66 selected input	Canonical Robinhood value for Defaults.genConfig.canClaimInStabPool.	Defaults.genConfig.canClaimInStabPool	P-H04-013	contracts/config/DefaultsRobinHood.vy::Defaults.genConfig.canClaimInStabPool	true	true	current human-edited Blueprint/Defaults authority represented in derived ledger	already_accepted_current_authority	PR #66 0f79b626c6ec4788ba43b3132ada9ebec6084f2a; config/robinhood-parameters.json at 5f5d22b7ee78cbb904c4fe3c6e46599c330c4353	exact Git/derived-ledger reconciliation	none	D-H04-22	no	no	DefaultsRobinhood source and derived-ledger synchronization	Preserve current authority; do not re-import PR #66	status=approved; source commit retained for provenance; Evidence only — not configuration or deployment authority
P-H04-014	PR #66 selected input	Canonical Robinhood value for Defaults.genDebtConfig.perUserDebtLimit.	Defaults.genDebtConfig.perUserDebtLimit	P-H04-014	contracts/config/DefaultsRobinHood.vy::Defaults.genDebtConfig.perUserDebtLimit	"""50000000000000000000"""	50000000000000000000	current human-edited Blueprint/Defaults authority represented in derived ledger	already_accepted_current_authority	PR #66 0f79b626c6ec4788ba43b3132ada9ebec6084f2a; config/robinhood-parameters.json at 5f5d22b7ee78cbb904c4fe3c6e46599c330c4353	exact Git/derived-ledger reconciliation	none	D-H04-22	no	no	DefaultsRobinhood source and derived-ledger synchronization	Preserve current authority; do not re-import PR #66	status=approved; source commit retained for provenance; Evidence only — not configuration or deployment authority
P-H04-015	PR #66 selected input	Canonical Robinhood value for Defaults.genDebtConfig.globalDebtLimit.	Defaults.genDebtConfig.globalDebtLimit	P-H04-015	contracts/config/DefaultsRobinHood.vy::Defaults.genDebtConfig.globalDebtLimit	"""500000000000000000000"""	500000000000000000000	current human-edited Blueprint/Defaults authority represented in derived ledger	already_accepted_current_authority	PR #66 0f79b626c6ec4788ba43b3132ada9ebec6084f2a; config/robinhood-parameters.json at 5f5d22b7ee78cbb904c4fe3c6e46599c330c4353	exact Git/derived-ledger reconciliation	none	D-H04-22	no	no	DefaultsRobinhood source and derived-ledger synchronization	Preserve current authority; do not re-import PR #66	status=approved; source commit retained for provenance; Evidence only — not configuration or deployment authority
P-H04-016	PR #66 selected input	Canonical Robinhood value for Defaults.genDebtConfig.minDebtAmount.	Defaults.genDebtConfig.minDebtAmount	P-H04-016	contracts/config/DefaultsRobinHood.vy::Defaults.genDebtConfig.minDebtAmount	"""1000000000000000000"""	1000000000000000000	current human-edited Blueprint/Defaults authority represented in derived ledger	already_accepted_current_authority	PR #66 0f79b626c6ec4788ba43b3132ada9ebec6084f2a; config/robinhood-parameters.json at 5f5d22b7ee78cbb904c4fe3c6e46599c330c4353	exact Git/derived-ledger reconciliation	none	D-H04-22	no	no	DefaultsRobinhood source and derived-ledger synchronization	Preserve current authority; do not re-import PR #66	status=approved; source commit retained for provenance; Evidence only — not configuration or deployment authority
P-H04-017	PR #66 selected input	Canonical Robinhood value for Defaults.genDebtConfig.numAllowedBorrowers.	Defaults.genDebtConfig.numAllowedBorrowers	P-H04-017	contracts/config/DefaultsRobinHood.vy::Defaults.genDebtConfig.numAllowedBorrowers	20	20	current human-edited Blueprint/Defaults authority represented in derived ledger	already_accepted_current_authority	PR #66 0f79b626c6ec4788ba43b3132ada9ebec6084f2a; config/robinhood-parameters.json at 5f5d22b7ee78cbb904c4fe3c6e46599c330c4353	exact Git/derived-ledger reconciliation	none	D-H04-22	no	no	DefaultsRobinhood source and derived-ledger synchronization	Preserve current authority; do not re-import PR #66	status=approved; source commit retained for provenance; Evidence only — not configuration or deployment authority
P-H04-018	PR #66 selected input	Canonical Robinhood value for Defaults.genDebtConfig.maxBorrowPerInterval.	Defaults.genDebtConfig.maxBorrowPerInterval	P-H04-018	contracts/config/DefaultsRobinHood.vy::Defaults.genDebtConfig.maxBorrowPerInterval	"""50000000000000000000"""	50000000000000000000	current human-edited Blueprint/Defaults authority represented in derived ledger	already_accepted_current_authority	PR #66 0f79b626c6ec4788ba43b3132ada9ebec6084f2a; config/robinhood-parameters.json at 5f5d22b7ee78cbb904c4fe3c6e46599c330c4353	exact Git/derived-ledger reconciliation	none	D-H04-22	no	no	DefaultsRobinhood source and derived-ledger synchronization	Preserve current authority; do not re-import PR #66	status=approved; source commit retained for provenance; Evidence only — not configuration or deployment authority
P-H04-019	PR #66 selected input	Canonical Robinhood value for Defaults.genDebtConfig.numBlocksPerInterval.	Defaults.genDebtConfig.numBlocksPerInterval	P-H04-019	contracts/config/DefaultsRobinHood.vy::Defaults.genDebtConfig.numBlocksPerInterval	7200	7200	current human-edited Blueprint/Defaults authority represented in derived ledger	already_accepted_current_authority	PR #66 0f79b626c6ec4788ba43b3132ada9ebec6084f2a; config/robinhood-parameters.json at 5f5d22b7ee78cbb904c4fe3c6e46599c330c4353	exact Git/derived-ledger reconciliation	none	D-H04-22	no	no	DefaultsRobinhood source and derived-ledger synchronization	Preserve current authority; do not re-import PR #66	status=approved; source commit retained for provenance; Evidence only — not configuration or deployment authority
P-H04-020	PR #66 selected input	Canonical Robinhood value for Defaults.genDebtConfig.minDynamicRateBoost.	Defaults.genDebtConfig.minDynamicRateBoost	P-H04-020	contracts/config/DefaultsRobinHood.vy::Defaults.genDebtConfig.minDynamicRateBoost	10000	10000	current human-edited Blueprint/Defaults authority represented in derived ledger	already_accepted_current_authority	PR #66 0f79b626c6ec4788ba43b3132ada9ebec6084f2a; config/robinhood-parameters.json at 5f5d22b7ee78cbb904c4fe3c6e46599c330c4353	exact Git/derived-ledger reconciliation	none	D-H04-22	no	no	DefaultsRobinhood source and derived-ledger synchronization	Preserve current authority; do not re-import PR #66	status=approved; source commit retained for provenance; Evidence only — not configuration or deployment authority
P-H04-021	PR #66 selected input	Canonical Robinhood value for Defaults.genDebtConfig.maxDynamicRateBoost.	Defaults.genDebtConfig.maxDynamicRateBoost	P-H04-021	contracts/config/DefaultsRobinHood.vy::Defaults.genDebtConfig.maxDynamicRateBoost	50000	50000	current human-edited Blueprint/Defaults authority represented in derived ledger	already_accepted_current_authority	PR #66 0f79b626c6ec4788ba43b3132ada9ebec6084f2a; config/robinhood-parameters.json at 5f5d22b7ee78cbb904c4fe3c6e46599c330c4353	exact Git/derived-ledger reconciliation	none	D-H04-22	no	no	DefaultsRobinhood source and derived-ledger synchronization	Preserve current authority; do not re-import PR #66	status=approved; source commit retained for provenance; Evidence only — not configuration or deployment authority
P-H04-022	PR #66 selected input	Canonical Robinhood value for Defaults.genDebtConfig.increasePerDangerBlock.	Defaults.genDebtConfig.increasePerDangerBlock	P-H04-022	contracts/config/DefaultsRobinHood.vy::Defaults.genDebtConfig.increasePerDangerBlock	60	60	current human-edited Blueprint/Defaults authority represented in derived ledger	already_accepted_current_authority	PR #66 0f79b626c6ec4788ba43b3132ada9ebec6084f2a; config/robinhood-parameters.json at 5f5d22b7ee78cbb904c4fe3c6e46599c330c4353	exact Git/derived-ledger reconciliation	none	D-H04-22	no	no	DefaultsRobinhood source and derived-ledger synchronization	Preserve current authority; do not re-import PR #66	status=approved; source commit retained for provenance; Evidence only — not configuration or deployment authority
P-H04-023	PR #66 selected input	Canonical Robinhood value for Defaults.genDebtConfig.maxBorrowRate.	Defaults.genDebtConfig.maxBorrowRate	P-H04-023	contracts/config/DefaultsRobinHood.vy::Defaults.genDebtConfig.maxBorrowRate	10000	10000	current human-edited Blueprint/Defaults authority represented in derived ledger	already_accepted_current_authority	PR #66 0f79b626c6ec4788ba43b3132ada9ebec6084f2a; config/robinhood-parameters.json at 5f5d22b7ee78cbb904c4fe3c6e46599c330c4353	exact Git/derived-ledger reconciliation	none	D-H04-22	no	no	DefaultsRobinhood source and derived-ledger synchronization	Preserve current authority; do not re-import PR #66	status=approved; source commit retained for provenance; Evidence only — not configuration or deployment authority
P-H04-024	PR #66 selected input	Canonical Robinhood value for Defaults.genDebtConfig.maxLtvDeviation.	Defaults.genDebtConfig.maxLtvDeviation	P-H04-024	contracts/config/DefaultsRobinHood.vy::Defaults.genDebtConfig.maxLtvDeviation	1000	1000	current human-edited Blueprint/Defaults authority represented in derived ledger	already_accepted_current_authority	PR #66 0f79b626c6ec4788ba43b3132ada9ebec6084f2a; config/robinhood-parameters.json at 5f5d22b7ee78cbb904c4fe3c6e46599c330c4353	exact Git/derived-ledger reconciliation	none	D-H04-22	no	no	DefaultsRobinhood source and derived-ledger synchronization	Preserve current authority; do not re-import PR #66	status=approved; source commit retained for provenance; Evidence only — not configuration or deployment authority
P-H04-025	PR #66 selected input	Canonical Robinhood value for Defaults.genDebtConfig.keeperFeeRatio.	Defaults.genDebtConfig.keeperFeeRatio	P-H04-025	contracts/config/DefaultsRobinHood.vy::Defaults.genDebtConfig.keeperFeeRatio	100	100	current human-edited Blueprint/Defaults authority represented in derived ledger	already_accepted_current_authority	PR #66 0f79b626c6ec4788ba43b3132ada9ebec6084f2a; config/robinhood-parameters.json at 5f5d22b7ee78cbb904c4fe3c6e46599c330c4353	exact Git/derived-ledger reconciliation	none	D-H04-22	no	no	DefaultsRobinhood source and derived-ledger synchronization	Preserve current authority; do not re-import PR #66	status=approved; source commit retained for provenance; Evidence only — not configuration or deployment authority
P-H04-026	PR #66 selected input	Canonical Robinhood value for Defaults.genDebtConfig.minKeeperFee.	Defaults.genDebtConfig.minKeeperFee	P-H04-026	contracts/config/DefaultsRobinHood.vy::Defaults.genDebtConfig.minKeeperFee	"""1000000000000000000"""	1000000000000000000	current human-edited Blueprint/Defaults authority represented in derived ledger	already_accepted_current_authority	PR #66 0f79b626c6ec4788ba43b3132ada9ebec6084f2a; config/robinhood-parameters.json at 5f5d22b7ee78cbb904c4fe3c6e46599c330c4353	exact Git/derived-ledger reconciliation	none	D-H04-22	no	no	DefaultsRobinhood source and derived-ledger synchronization	Preserve current authority; do not re-import PR #66	status=approved; source commit retained for provenance; Evidence only — not configuration or deployment authority
P-H04-027	PR #66 selected input	Canonical Robinhood value for Defaults.genDebtConfig.maxKeeperFee.	Defaults.genDebtConfig.maxKeeperFee	P-H04-027	contracts/config/DefaultsRobinHood.vy::Defaults.genDebtConfig.maxKeeperFee	"""25000000000000000000000"""	25000000000000000000000	current human-edited Blueprint/Defaults authority represented in derived ledger	already_accepted_current_authority	PR #66 0f79b626c6ec4788ba43b3132ada9ebec6084f2a; config/robinhood-parameters.json at 5f5d22b7ee78cbb904c4fe3c6e46599c330c4353	exact Git/derived-ledger reconciliation	none	D-H04-22	no	no	DefaultsRobinhood source and derived-ledger synchronization	Preserve current authority; do not re-import PR #66	status=approved; source commit retained for provenance; Evidence only — not configuration or deployment authority
P-H04-028	PR #66 selected input	Canonical Robinhood value for Defaults.genDebtConfig.isDaowryEnabled.	Defaults.genDebtConfig.isDaowryEnabled	P-H04-028	contracts/config/DefaultsRobinHood.vy::Defaults.genDebtConfig.isDaowryEnabled	true	true	current human-edited Blueprint/Defaults authority represented in derived ledger	already_accepted_current_authority	PR #66 0f79b626c6ec4788ba43b3132ada9ebec6084f2a; config/robinhood-parameters.json at 5f5d22b7ee78cbb904c4fe3c6e46599c330c4353	exact Git/derived-ledger reconciliation	none	D-H04-22	no	no	DefaultsRobinhood source and derived-ledger synchronization	Preserve current authority; do not re-import PR #66	status=approved; source commit retained for provenance; Evidence only — not configuration or deployment authority
P-H04-029	PR #66 selected input	Canonical Robinhood value for Defaults.genDebtConfig.ltvPaybackBuffer.	Defaults.genDebtConfig.ltvPaybackBuffer	P-H04-029	contracts/config/DefaultsRobinHood.vy::Defaults.genDebtConfig.ltvPaybackBuffer	1000	1000	current human-edited Blueprint/Defaults authority represented in derived ledger	already_accepted_current_authority	PR #66 0f79b626c6ec4788ba43b3132ada9ebec6084f2a; config/robinhood-parameters.json at 5f5d22b7ee78cbb904c4fe3c6e46599c330c4353	exact Git/derived-ledger reconciliation	none	D-H04-22	no	no	DefaultsRobinhood source and derived-ledger synchronization	Preserve current authority; do not re-import PR #66	status=approved; source commit retained for provenance; Evidence only — not configuration or deployment authority
P-H04-030	PR #66 selected input	Canonical Robinhood value for Defaults.genDebtConfig.genAuctionParams.hasParams.	Defaults.genDebtConfig.genAuctionParams.hasParams	P-H04-030	contracts/config/DefaultsRobinHood.vy::Defaults.genDebtConfig.genAuctionParams.hasParams	true	true	current human-edited Blueprint/Defaults authority represented in derived ledger	already_accepted_current_authority	PR #66 0f79b626c6ec4788ba43b3132ada9ebec6084f2a; config/robinhood-parameters.json at 5f5d22b7ee78cbb904c4fe3c6e46599c330c4353	exact Git/derived-ledger reconciliation	none	D-H04-22	no	no	DefaultsRobinhood source and derived-ledger synchronization	Preserve current authority; do not re-import PR #66	status=approved; source commit retained for provenance; Evidence only — not configuration or deployment authority
P-H04-031	PR #66 selected input	Canonical Robinhood value for Defaults.genDebtConfig.genAuctionParams.startDiscount.	Defaults.genDebtConfig.genAuctionParams.startDiscount	P-H04-031	contracts/config/DefaultsRobinHood.vy::Defaults.genDebtConfig.genAuctionParams.startDiscount	100	100	current human-edited Blueprint/Defaults authority represented in derived ledger	already_accepted_current_authority	PR #66 0f79b626c6ec4788ba43b3132ada9ebec6084f2a; config/robinhood-parameters.json at 5f5d22b7ee78cbb904c4fe3c6e46599c330c4353	exact Git/derived-ledger reconciliation	none	D-H04-22	no	no	DefaultsRobinhood source and derived-ledger synchronization	Preserve current authority; do not re-import PR #66	status=approved; source commit retained for provenance; Evidence only — not configuration or deployment authority
P-H04-032	PR #66 selected input	Canonical Robinhood value for Defaults.genDebtConfig.genAuctionParams.maxDiscount.	Defaults.genDebtConfig.genAuctionParams.maxDiscount	P-H04-032	contracts/config/DefaultsRobinHood.vy::Defaults.genDebtConfig.genAuctionParams.maxDiscount	5000	5000	current human-edited Blueprint/Defaults authority represented in derived ledger	already_accepted_current_authority	PR #66 0f79b626c6ec4788ba43b3132ada9ebec6084f2a; config/robinhood-parameters.json at 5f5d22b7ee78cbb904c4fe3c6e46599c330c4353	exact Git/derived-ledger reconciliation	none	D-H04-22	no	no	DefaultsRobinhood source and derived-ledger synchronization	Preserve current authority; do not re-import PR #66	status=approved; source commit retained for provenance; Evidence only — not configuration or deployment authority
P-H04-033	PR #66 selected input	Canonical Robinhood value for Defaults.genDebtConfig.genAuctionParams.delay.	Defaults.genDebtConfig.genAuctionParams.delay	P-H04-033	contracts/config/DefaultsRobinHood.vy::Defaults.genDebtConfig.genAuctionParams.delay	0	0	current human-edited Blueprint/Defaults authority represented in derived ledger	already_accepted_current_authority	PR #66 0f79b626c6ec4788ba43b3132ada9ebec6084f2a; config/robinhood-parameters.json at 5f5d22b7ee78cbb904c4fe3c6e46599c330c4353	exact Git/derived-ledger reconciliation	none	D-H04-22	no	no	DefaultsRobinhood source and derived-ledger synchronization	Preserve current authority; do not re-import PR #66	status=approved; source commit retained for provenance; Evidence only — not configuration or deployment authority
P-H04-034	PR #66 selected input	Canonical Robinhood value for Defaults.genDebtConfig.genAuctionParams.duration.	Defaults.genDebtConfig.genAuctionParams.duration	P-H04-034	contracts/config/DefaultsRobinHood.vy::Defaults.genDebtConfig.genAuctionParams.duration	7200	7200	current human-edited Blueprint/Defaults authority represented in derived ledger	already_accepted_current_authority	PR #66 0f79b626c6ec4788ba43b3132ada9ebec6084f2a; config/robinhood-parameters.json at 5f5d22b7ee78cbb904c4fe3c6e46599c330c4353	exact Git/derived-ledger reconciliation	none	D-H04-22	no	no	DefaultsRobinhood source and derived-ledger synchronization	Preserve current authority; do not re-import PR #66	status=approved; source commit retained for provenance; Evidence only — not configuration or deployment authority
P-H04-035	PR #66 selected input	Canonical Robinhood value for Defaults.ripeAvailForRewards.	Defaults.ripeAvailForRewards	P-H04-035	contracts/config/DefaultsRobinHood.vy::Defaults.ripeAvailForRewards	"""1000000000000000000000"""	1000000000000000000000	current human-edited Blueprint/Defaults authority represented in derived ledger	already_accepted_current_authority	PR #66 0f79b626c6ec4788ba43b3132ada9ebec6084f2a; config/robinhood-parameters.json at 5f5d22b7ee78cbb904c4fe3c6e46599c330c4353	exact Git/derived-ledger reconciliation	none	D-H04-22	no	no	DefaultsRobinhood source and derived-ledger synchronization	Preserve current authority; do not re-import PR #66	status=approved; source commit retained for provenance; Evidence only — not configuration or deployment authority
P-H04-036	PR #66 selected input	Canonical Robinhood value for Defaults.ripeAvailForHr.	Defaults.ripeAvailForHr	P-H04-036	contracts/config/DefaultsRobinHood.vy::Defaults.ripeAvailForHr	"""1000000000000000000000"""	1000000000000000000000	current human-edited Blueprint/Defaults authority represented in derived ledger	already_accepted_current_authority	PR #66 0f79b626c6ec4788ba43b3132ada9ebec6084f2a; config/robinhood-parameters.json at 5f5d22b7ee78cbb904c4fe3c6e46599c330c4353	exact Git/derived-ledger reconciliation	none	D-H04-22	no	no	DefaultsRobinhood source and derived-ledger synchronization	Preserve current authority; do not re-import PR #66	status=approved; source commit retained for provenance; Evidence only — not configuration or deployment authority
P-H04-037	PR #66 selected input	Canonical Robinhood value for Defaults.ripeAvailForBonds.	Defaults.ripeAvailForBonds	P-H04-037	contracts/config/DefaultsRobinHood.vy::Defaults.ripeAvailForBonds	"""1000000000000000000000"""	1000000000000000000000	current human-edited Blueprint/Defaults authority represented in derived ledger	already_accepted_current_authority	PR #66 0f79b626c6ec4788ba43b3132ada9ebec6084f2a; config/robinhood-parameters.json at 5f5d22b7ee78cbb904c4fe3c6e46599c330c4353	exact Git/derived-ledger reconciliation	none	D-H04-22	no	no	DefaultsRobinhood source and derived-ledger synchronization	Preserve current authority; do not re-import PR #66	status=approved; source commit retained for provenance; Evidence only — not configuration or deployment authority
P-H04-038	PR #66 selected input	Canonical Robinhood value for Defaults.ripeBondConfig.asset.	Defaults.ripeBondConfig.asset	P-H04-038	contracts/config/DefaultsRobinHood.vy::Defaults.ripeBondConfig.asset	"""0x5fc5360D0400a0Fd4f2af552ADD042D716F1d168"""	"""0x5fc5360D0400a0Fd4f2af552ADD042D716F1d168"""	owner-selected external fact; independent acceptance pending	selected_external_fact_unverified	PR #66 0f79b626c6ec4788ba43b3132ada9ebec6084f2a; config/robinhood-parameters.json at 5f5d22b7ee78cbb904c4fe3c6e46599c330c4353	exact Git/derived-ledger reconciliation	address:USDG:unverified	D-H04-22	yes	no	Independent external-fact verification; DefaultsRobinhood source and derived-ledger synchronization	Verify through the consolidated immutable-pin packet	status=external_fact; source commit retained for provenance; Evidence only — not configuration or deployment authority
P-H04-039	PR #66 selected input	Canonical Robinhood value for Defaults.ripeBondConfig.amountPerEpoch.	Defaults.ripeBondConfig.amountPerEpoch	P-H04-039	contracts/config/DefaultsRobinHood.vy::Defaults.ripeBondConfig.amountPerEpoch	2000000000	2000000000	current human-edited Blueprint/Defaults authority represented in derived ledger	already_accepted_current_authority	PR #66 0f79b626c6ec4788ba43b3132ada9ebec6084f2a; config/robinhood-parameters.json at 5f5d22b7ee78cbb904c4fe3c6e46599c330c4353	exact Git/derived-ledger reconciliation	none	D-H04-22	no	no	DefaultsRobinhood source and derived-ledger synchronization	Preserve current authority; do not re-import PR #66	status=approved; source commit retained for provenance; Evidence only — not configuration or deployment authority
P-H04-040	PR #66 selected input	Canonical Robinhood value for Defaults.ripeBondConfig.canBond.	Defaults.ripeBondConfig.canBond	P-H04-040	contracts/config/DefaultsRobinHood.vy::Defaults.ripeBondConfig.canBond	false	false	current human-edited Blueprint/Defaults authority represented in derived ledger	already_accepted_current_authority	PR #66 0f79b626c6ec4788ba43b3132ada9ebec6084f2a; config/robinhood-parameters.json at 5f5d22b7ee78cbb904c4fe3c6e46599c330c4353	exact Git/derived-ledger reconciliation	none	D-H04-22	no	no	DefaultsRobinhood source and derived-ledger synchronization	Preserve current authority; do not re-import PR #66	status=approved; source commit retained for provenance; Evidence only — not configuration or deployment authority
P-H04-041	PR #66 selected input	Canonical Robinhood value for Defaults.ripeBondConfig.minRipePerUnit.	Defaults.ripeBondConfig.minRipePerUnit	P-H04-041	contracts/config/DefaultsRobinHood.vy::Defaults.ripeBondConfig.minRipePerUnit	0	0	current human-edited Blueprint/Defaults authority represented in derived ledger	already_accepted_current_authority	PR #66 0f79b626c6ec4788ba43b3132ada9ebec6084f2a; config/robinhood-parameters.json at 5f5d22b7ee78cbb904c4fe3c6e46599c330c4353	exact Git/derived-ledger reconciliation	none	D-H04-22	no	no	DefaultsRobinhood source and derived-ledger synchronization	Preserve current authority; do not re-import PR #66	status=approved; source commit retained for provenance; Evidence only — not configuration or deployment authority
P-H04-042	PR #66 selected input	Canonical Robinhood value for Defaults.ripeBondConfig.maxRipePerUnit.	Defaults.ripeBondConfig.maxRipePerUnit	P-H04-042	contracts/config/DefaultsRobinHood.vy::Defaults.ripeBondConfig.maxRipePerUnit	"""1000000000000000000"""	1000000000000000000	current human-edited Blueprint/Defaults authority represented in derived ledger	already_accepted_current_authority	PR #66 0f79b626c6ec4788ba43b3132ada9ebec6084f2a; config/robinhood-parameters.json at 5f5d22b7ee78cbb904c4fe3c6e46599c330c4353	exact Git/derived-ledger reconciliation	none	D-H04-22	no	no	DefaultsRobinhood source and derived-ledger synchronization	Preserve current authority; do not re-import PR #66	status=approved; source commit retained for provenance; Evidence only — not configuration or deployment authority
P-H04-043	PR #66 selected input	Canonical Robinhood value for Defaults.ripeBondConfig.maxRipePerUnitLockBonus.	Defaults.ripeBondConfig.maxRipePerUnitLockBonus	P-H04-043	contracts/config/DefaultsRobinHood.vy::Defaults.ripeBondConfig.maxRipePerUnitLockBonus	20000	20000	current human-edited Blueprint/Defaults authority represented in derived ledger	already_accepted_current_authority	PR #66 0f79b626c6ec4788ba43b3132ada9ebec6084f2a; config/robinhood-parameters.json at 5f5d22b7ee78cbb904c4fe3c6e46599c330c4353	exact Git/derived-ledger reconciliation	none	D-H04-22	no	no	DefaultsRobinhood source and derived-ledger synchronization	Preserve current authority; do not re-import PR #66	status=approved; source commit retained for provenance; Evidence only — not configuration or deployment authority
P-H04-044	PR #66 selected input	Canonical Robinhood value for Defaults.ripeBondConfig.epochLength.	Defaults.ripeBondConfig.epochLength	P-H04-044	contracts/config/DefaultsRobinHood.vy::Defaults.ripeBondConfig.epochLength	2400	2400	current human-edited Blueprint/Defaults authority represented in derived ledger	already_accepted_current_authority	PR #66 0f79b626c6ec4788ba43b3132ada9ebec6084f2a; config/robinhood-parameters.json at 5f5d22b7ee78cbb904c4fe3c6e46599c330c4353	exact Git/derived-ledger reconciliation	none	D-H04-22	no	no	DefaultsRobinhood source and derived-ledger synchronization	Preserve current authority; do not re-import PR #66	status=approved; source commit retained for provenance; Evidence only — not configuration or deployment authority
P-H04-045	PR #66 selected input	Canonical Robinhood value for Defaults.ripeBondConfig.shouldAutoRestart.	Defaults.ripeBondConfig.shouldAutoRestart	P-H04-045	contracts/config/DefaultsRobinHood.vy::Defaults.ripeBondConfig.shouldAutoRestart	true	true	current human-edited Blueprint/Defaults authority represented in derived ledger	already_accepted_current_authority	PR #66 0f79b626c6ec4788ba43b3132ada9ebec6084f2a; config/robinhood-parameters.json at 5f5d22b7ee78cbb904c4fe3c6e46599c330c4353	exact Git/derived-ledger reconciliation	none	D-H04-22	no	no	DefaultsRobinhood source and derived-ledger synchronization	Preserve current authority; do not re-import PR #66	status=approved; source commit retained for provenance; Evidence only — not configuration or deployment authority
P-H04-046	PR #66 selected input	Canonical Robinhood value for Defaults.ripeBondConfig.restartDelayBlocks.	Defaults.ripeBondConfig.restartDelayBlocks	P-H04-046	contracts/config/DefaultsRobinHood.vy::Defaults.ripeBondConfig.restartDelayBlocks	0	0	current human-edited Blueprint/Defaults authority represented in derived ledger	already_accepted_current_authority	PR #66 0f79b626c6ec4788ba43b3132ada9ebec6084f2a; config/robinhood-parameters.json at 5f5d22b7ee78cbb904c4fe3c6e46599c330c4353	exact Git/derived-ledger reconciliation	none	D-H04-22	no	no	DefaultsRobinhood source and derived-ledger synchronization	Preserve current authority; do not re-import PR #66	status=approved; source commit retained for provenance; Evidence only — not configuration or deployment authority
P-H04-047	PR #66 selected input	Canonical Robinhood value for Defaults.rewardsConfig.arePointsEnabled.	Defaults.rewardsConfig.arePointsEnabled	P-H04-047	contracts/config/DefaultsRobinHood.vy::Defaults.rewardsConfig.arePointsEnabled	true	true	current human-edited Blueprint/Defaults authority represented in derived ledger	already_accepted_current_authority	PR #66 0f79b626c6ec4788ba43b3132ada9ebec6084f2a; config/robinhood-parameters.json at 5f5d22b7ee78cbb904c4fe3c6e46599c330c4353	exact Git/derived-ledger reconciliation	none	D-H04-22	no	no	DefaultsRobinhood source and derived-ledger synchronization	Preserve current authority; do not re-import PR #66	status=approved; source commit retained for provenance; Evidence only — not configuration or deployment authority
P-H04-048	PR #66 selected input	Canonical Robinhood value for Defaults.rewardsConfig.ripePerBlock.	Defaults.rewardsConfig.ripePerBlock	P-H04-048	contracts/config/DefaultsRobinHood.vy::Defaults.rewardsConfig.ripePerBlock	"""9000000000000000"""	9000000000000000	current human-edited Blueprint/Defaults authority represented in derived ledger	already_accepted_current_authority	PR #66 0f79b626c6ec4788ba43b3132ada9ebec6084f2a; config/robinhood-parameters.json at 5f5d22b7ee78cbb904c4fe3c6e46599c330c4353	exact Git/derived-ledger reconciliation	none	D-H04-22	no	no	DefaultsRobinhood source and derived-ledger synchronization	Preserve current authority; do not re-import PR #66	status=approved; source commit retained for provenance; Evidence only — not configuration or deployment authority
P-H04-049	PR #66 selected input	Canonical Robinhood value for Defaults.rewardsConfig.borrowersAlloc.	Defaults.rewardsConfig.borrowersAlloc	P-H04-049	contracts/config/DefaultsRobinHood.vy::Defaults.rewardsConfig.borrowersAlloc	1000	1000	current human-edited Blueprint/Defaults authority represented in derived ledger	already_accepted_current_authority	PR #66 0f79b626c6ec4788ba43b3132ada9ebec6084f2a; config/robinhood-parameters.json at 5f5d22b7ee78cbb904c4fe3c6e46599c330c4353	exact Git/derived-ledger reconciliation	none	D-H04-22	no	no	DefaultsRobinhood source and derived-ledger synchronization	Preserve current authority; do not re-import PR #66	status=approved; source commit retained for provenance; Evidence only — not configuration or deployment authority
P-H04-050	PR #66 selected input	Canonical Robinhood value for Defaults.rewardsConfig.stakersAlloc.	Defaults.rewardsConfig.stakersAlloc	P-H04-050	contracts/config/DefaultsRobinHood.vy::Defaults.rewardsConfig.stakersAlloc	9000	9000	current human-edited Blueprint/Defaults authority represented in derived ledger	already_accepted_current_authority	PR #66 0f79b626c6ec4788ba43b3132ada9ebec6084f2a; config/robinhood-parameters.json at 5f5d22b7ee78cbb904c4fe3c6e46599c330c4353	exact Git/derived-ledger reconciliation	none	D-H04-22	no	no	DefaultsRobinhood source and derived-ledger synchronization	Preserve current authority; do not re-import PR #66	status=approved; source commit retained for provenance; Evidence only — not configuration or deployment authority
P-H04-051	PR #66 selected input	Canonical Robinhood value for Defaults.rewardsConfig.votersAlloc.	Defaults.rewardsConfig.votersAlloc	P-H04-051	contracts/config/DefaultsRobinHood.vy::Defaults.rewardsConfig.votersAlloc	0	0	current human-edited Blueprint/Defaults authority represented in derived ledger	already_accepted_current_authority	PR #66 0f79b626c6ec4788ba43b3132ada9ebec6084f2a; config/robinhood-parameters.json at 5f5d22b7ee78cbb904c4fe3c6e46599c330c4353	exact Git/derived-ledger reconciliation	none	D-H04-22	no	no	DefaultsRobinhood source and derived-ledger synchronization	Preserve current authority; do not re-import PR #66	status=approved; source commit retained for provenance; Evidence only — not configuration or deployment authority
P-H04-052	PR #66 selected input	Canonical Robinhood value for Defaults.rewardsConfig.genDepositorsAlloc.	Defaults.rewardsConfig.genDepositorsAlloc	P-H04-052	contracts/config/DefaultsRobinHood.vy::Defaults.rewardsConfig.genDepositorsAlloc	0	0	current human-edited Blueprint/Defaults authority represented in derived ledger	already_accepted_current_authority	PR #66 0f79b626c6ec4788ba43b3132ada9ebec6084f2a; config/robinhood-parameters.json at 5f5d22b7ee78cbb904c4fe3c6e46599c330c4353	exact Git/derived-ledger reconciliation	none	D-H04-22	no	no	DefaultsRobinhood source and derived-ledger synchronization	Preserve current authority; do not re-import PR #66	status=approved; source commit retained for provenance; Evidence only — not configuration or deployment authority
P-H04-053	PR #66 selected input	Canonical Robinhood value for Defaults.rewardsConfig.autoStakeRatio.	Defaults.rewardsConfig.autoStakeRatio	P-H04-053	contracts/config/DefaultsRobinHood.vy::Defaults.rewardsConfig.autoStakeRatio	7500	7500	current human-edited Blueprint/Defaults authority represented in derived ledger	already_accepted_current_authority	PR #66 0f79b626c6ec4788ba43b3132ada9ebec6084f2a; config/robinhood-parameters.json at 5f5d22b7ee78cbb904c4fe3c6e46599c330c4353	exact Git/derived-ledger reconciliation	none	D-H04-22	no	no	DefaultsRobinhood source and derived-ledger synchronization	Preserve current authority; do not re-import PR #66	status=approved; source commit retained for provenance; Evidence only — not configuration or deployment authority
P-H04-054	PR #66 selected input	Canonical Robinhood value for Defaults.rewardsConfig.autoStakeDurationRatio.	Defaults.rewardsConfig.autoStakeDurationRatio	P-H04-054	contracts/config/DefaultsRobinHood.vy::Defaults.rewardsConfig.autoStakeDurationRatio	3300	3300	current human-edited Blueprint/Defaults authority represented in derived ledger	already_accepted_current_authority	PR #66 0f79b626c6ec4788ba43b3132ada9ebec6084f2a; config/robinhood-parameters.json at 5f5d22b7ee78cbb904c4fe3c6e46599c330c4353	exact Git/derived-ledger reconciliation	none	D-H04-22	no	no	DefaultsRobinhood source and derived-ledger synchronization	Preserve current authority; do not re-import PR #66	status=approved; source commit retained for provenance; Evidence only — not configuration or deployment authority
P-H04-055	PR #66 selected input	Canonical Robinhood value for Defaults.rewardsConfig.stabPoolRipePerDollarClaimed.	Defaults.rewardsConfig.stabPoolRipePerDollarClaimed	P-H04-055	contracts/config/DefaultsRobinHood.vy::Defaults.rewardsConfig.stabPoolRipePerDollarClaimed	"""1000000000000000000"""	1000000000000000000	current human-edited Blueprint/Defaults authority represented in derived ledger	already_accepted_current_authority	PR #66 0f79b626c6ec4788ba43b3132ada9ebec6084f2a; config/robinhood-parameters.json at 5f5d22b7ee78cbb904c4fe3c6e46599c330c4353	exact Git/derived-ledger reconciliation	none	D-H04-22	no	no	DefaultsRobinhood source and derived-ledger synchronization	Preserve current authority; do not re-import PR #66	status=approved; source commit retained for provenance; Evidence only — not configuration or deployment authority
P-H04-056	PR #66 selected input	Canonical Robinhood value for Defaults.ripeGovVaultConfigs[RIPE].asset.	Defaults.ripeGovVaultConfigs[RIPE].asset	P-H04-056	contracts/config/DefaultsRobinHood.vy::Defaults.ripeGovVaultConfigs[RIPE].asset	"{""kind"":""typed_null"",""reason"":""The PR #66 RIPE immutable is deployment-produced and remains unresolved.""}"	"{""kind"":""symbolic_binding"",""name"":""RIPE_TOKEN""}"	deployment-produced identity; unresolved	deployment_produced_unresolved	PR #66 0f79b626c6ec4788ba43b3132ada9ebec6084f2a; config/robinhood-parameters.json at 5f5d22b7ee78cbb904c4fe3c6e46599c330c4353	exact Git/derived-ledger reconciliation	address:RIPE_TOKEN:unresolved	D-H04-22	no	yes	DefaultsRobinhood source and derived-ledger synchronization	Produce and bind through the authorized deployment lifecycle	status=blocked; source commit retained for provenance; Evidence only — not configuration or deployment authority
P-H04-057	PR #66 selected input	Canonical Robinhood value for Defaults.ripeGovVaultConfigs[RIPE].config.lockTerms.minLockDuration.	Defaults.ripeGovVaultConfigs[RIPE].config.lockTerms.minLockDuration	P-H04-057	contracts/config/DefaultsRobinHood.vy::Defaults.ripeGovVaultConfigs[RIPE].config.lockTerms.minLockDuration	7200	7200	current human-edited Blueprint/Defaults authority represented in derived ledger	already_accepted_current_authority	PR #66 0f79b626c6ec4788ba43b3132ada9ebec6084f2a; config/robinhood-parameters.json at 5f5d22b7ee78cbb904c4fe3c6e46599c330c4353	exact Git/derived-ledger reconciliation	none	D-H04-22	no	no	DefaultsRobinhood source and derived-ledger synchronization	Preserve current authority; do not re-import PR #66	status=approved; source commit retained for provenance; Evidence only — not configuration or deployment authority
P-H04-058	PR #66 selected input	Canonical Robinhood value for Defaults.ripeGovVaultConfigs[RIPE].config.lockTerms.maxLockDuration.	Defaults.ripeGovVaultConfigs[RIPE].config.lockTerms.maxLockDuration	P-H04-058	contracts/config/DefaultsRobinHood.vy::Defaults.ripeGovVaultConfigs[RIPE].config.lockTerms.maxLockDuration	7884000	7884000	current human-edited Blueprint/Defaults authority represented in derived ledger	already_accepted_current_authority	PR #66 0f79b626c6ec4788ba43b3132ada9ebec6084f2a; config/robinhood-parameters.json at 5f5d22b7ee78cbb904c4fe3c6e46599c330c4353	exact Git/derived-ledger reconciliation	none	D-H04-22	no	no	DefaultsRobinhood source and derived-ledger synchronization	Preserve current authority; do not re-import PR #66	status=approved; source commit retained for provenance; Evidence only — not configuration or deployment authority
P-H04-059	PR #66 selected input	Canonical Robinhood value for Defaults.ripeGovVaultConfigs[RIPE].config.lockTerms.maxLockBoost.	Defaults.ripeGovVaultConfigs[RIPE].config.lockTerms.maxLockBoost	P-H04-059	contracts/config/DefaultsRobinHood.vy::Defaults.ripeGovVaultConfigs[RIPE].config.lockTerms.maxLockBoost	20000	20000	current human-edited Blueprint/Defaults authority represented in derived ledger	already_accepted_current_authority	PR #66 0f79b626c6ec4788ba43b3132ada9ebec6084f2a; config/robinhood-parameters.json at 5f5d22b7ee78cbb904c4fe3c6e46599c330c4353	exact Git/derived-ledger reconciliation	none	D-H04-22	no	no	DefaultsRobinhood source and derived-ledger synchronization	Preserve current authority; do not re-import PR #66	status=approved; source commit retained for provenance; Evidence only — not configuration or deployment authority
P-H04-060	PR #66 selected input	Canonical Robinhood value for Defaults.ripeGovVaultConfigs[RIPE].config.lockTerms.canExit.	Defaults.ripeGovVaultConfigs[RIPE].config.lockTerms.canExit	P-H04-060	contracts/config/DefaultsRobinHood.vy::Defaults.ripeGovVaultConfigs[RIPE].config.lockTerms.canExit	true	true	current human-edited Blueprint/Defaults authority represented in derived ledger	already_accepted_current_authority	PR #66 0f79b626c6ec4788ba43b3132ada9ebec6084f2a; config/robinhood-parameters.json at 5f5d22b7ee78cbb904c4fe3c6e46599c330c4353	exact Git/derived-ledger reconciliation	none	D-H04-22	no	no	DefaultsRobinhood source and derived-ledger synchronization	Preserve current authority; do not re-import PR #66	status=approved; source commit retained for provenance; Evidence only — not configuration or deployment authority
P-H04-061	PR #66 selected input	Canonical Robinhood value for Defaults.ripeGovVaultConfigs[RIPE].config.lockTerms.exitFee.	Defaults.ripeGovVaultConfigs[RIPE].config.lockTerms.exitFee	P-H04-061	contracts/config/DefaultsRobinHood.vy::Defaults.ripeGovVaultConfigs[RIPE].config.lockTerms.exitFee	8000	8000	current human-edited Blueprint/Defaults authority represented in derived ledger	already_accepted_current_authority	PR #66 0f79b626c6ec4788ba43b3132ada9ebec6084f2a; config/robinhood-parameters.json at 5f5d22b7ee78cbb904c4fe3c6e46599c330c4353	exact Git/derived-ledger reconciliation	none	D-H04-22	no	no	DefaultsRobinhood source and derived-ledger synchronization	Preserve current authority; do not re-import PR #66	status=approved; source commit retained for provenance; Evidence only — not configuration or deployment authority
P-H04-062	PR #66 selected input	Canonical Robinhood value for Defaults.ripeGovVaultConfigs[RIPE].config.assetWeight.	Defaults.ripeGovVaultConfigs[RIPE].config.assetWeight	P-H04-062	contracts/config/DefaultsRobinHood.vy::Defaults.ripeGovVaultConfigs[RIPE].config.assetWeight	10000	10000	current human-edited Blueprint/Defaults authority represented in derived ledger	already_accepted_current_authority	PR #66 0f79b626c6ec4788ba43b3132ada9ebec6084f2a; config/robinhood-parameters.json at 5f5d22b7ee78cbb904c4fe3c6e46599c330c4353	exact Git/derived-ledger reconciliation	none	D-H04-22	no	no	DefaultsRobinhood source and derived-ledger synchronization	Preserve current authority; do not re-import PR #66	status=approved; source commit retained for provenance; Evidence only — not configuration or deployment authority
P-H04-063	PR #66 selected input	Canonical Robinhood value for Defaults.ripeGovVaultConfigs[RIPE].config.shouldFreezeWhenBadDebt.	Defaults.ripeGovVaultConfigs[RIPE].config.shouldFreezeWhenBadDebt	P-H04-063	contracts/config/DefaultsRobinHood.vy::Defaults.ripeGovVaultConfigs[RIPE].config.shouldFreezeWhenBadDebt	true	true	current human-edited Blueprint/Defaults authority represented in derived ledger	already_accepted_current_authority	PR #66 0f79b626c6ec4788ba43b3132ada9ebec6084f2a; config/robinhood-parameters.json at 5f5d22b7ee78cbb904c4fe3c6e46599c330c4353	exact Git/derived-ledger reconciliation	none	D-H04-22	no	no	DefaultsRobinhood source and derived-ledger synchronization	Preserve current authority; do not re-import PR #66	status=approved; source commit retained for provenance; Evidence only — not configuration or deployment authority
P-H04-072	PR #66 selected input	Canonical Robinhood value for Defaults.hrConfig.contribTemplate.	Defaults.hrConfig.contribTemplate	P-H04-072	contracts/config/DefaultsRobinHood.vy::Defaults.hrConfig.contribTemplate	"{""kind"":""typed_null"",""reason"":""The PR #66 contributor template is deployment-produced and remains unresolved.""}"	"{""kind"":""symbolic_binding"",""name"":""CONTRIBUTOR_TEMPLATE""}"	deployment-produced identity; unresolved	deployment_produced_unresolved	PR #66 0f79b626c6ec4788ba43b3132ada9ebec6084f2a; config/robinhood-parameters.json at 5f5d22b7ee78cbb904c4fe3c6e46599c330c4353	exact Git/derived-ledger reconciliation	address:CONTRIBUTOR_TEMPLATE:unresolved	D-H04-22	no	yes	DefaultsRobinhood source and derived-ledger synchronization	Produce and bind through the authorized deployment lifecycle	status=blocked; source commit retained for provenance; Evidence only — not configuration or deployment authority
P-H04-073	PR #66 selected input	Canonical Robinhood value for Defaults.hrConfig.maxCompensation.	Defaults.hrConfig.maxCompensation	P-H04-073	contracts/config/DefaultsRobinHood.vy::Defaults.hrConfig.maxCompensation	0	0	current human-edited Blueprint/Defaults authority represented in derived ledger	already_accepted_current_authority	PR #66 0f79b626c6ec4788ba43b3132ada9ebec6084f2a; config/robinhood-parameters.json at 5f5d22b7ee78cbb904c4fe3c6e46599c330c4353	exact Git/derived-ledger reconciliation	none	D-H04-22	no	no	DefaultsRobinhood source and derived-ledger synchronization	Preserve current authority; do not re-import PR #66	status=approved; source commit retained for provenance; Evidence only — not configuration or deployment authority
P-H04-074	PR #66 selected input	Canonical Robinhood value for Defaults.hrConfig.minCliffLength.	Defaults.hrConfig.minCliffLength	P-H04-074	contracts/config/DefaultsRobinHood.vy::Defaults.hrConfig.minCliffLength	604800	604800	current human-edited Blueprint/Defaults authority represented in derived ledger	already_accepted_current_authority	PR #66 0f79b626c6ec4788ba43b3132ada9ebec6084f2a; config/robinhood-parameters.json at 5f5d22b7ee78cbb904c4fe3c6e46599c330c4353	exact Git/derived-ledger reconciliation	none	D-H04-22	no	no	DefaultsRobinhood source and derived-ledger synchronization	Preserve current authority; do not re-import PR #66	status=approved; source commit retained for provenance; Evidence only — not configuration or deployment authority
P-H04-075	PR #66 selected input	Canonical Robinhood value for Defaults.hrConfig.maxStartDelay.	Defaults.hrConfig.maxStartDelay	P-H04-075	contracts/config/DefaultsRobinHood.vy::Defaults.hrConfig.maxStartDelay	7776000	7776000	current human-edited Blueprint/Defaults authority represented in derived ledger	already_accepted_current_authority	PR #66 0f79b626c6ec4788ba43b3132ada9ebec6084f2a; config/robinhood-parameters.json at 5f5d22b7ee78cbb904c4fe3c6e46599c330c4353	exact Git/derived-ledger reconciliation	none	D-H04-22	no	no	DefaultsRobinhood source and derived-ledger synchronization	Preserve current authority; do not re-import PR #66	status=approved; source commit retained for provenance; Evidence only — not configuration or deployment authority
P-H04-076	PR #66 selected input	Canonical Robinhood value for Defaults.hrConfig.minVestingLength.	Defaults.hrConfig.minVestingLength	P-H04-076	contracts/config/DefaultsRobinHood.vy::Defaults.hrConfig.minVestingLength	604800	604800	current human-edited Blueprint/Defaults authority represented in derived ledger	already_accepted_current_authority	PR #66 0f79b626c6ec4788ba43b3132ada9ebec6084f2a; config/robinhood-parameters.json at 5f5d22b7ee78cbb904c4fe3c6e46599c330c4353	exact Git/derived-ledger reconciliation	none	D-H04-22	no	no	DefaultsRobinhood source and derived-ledger synchronization	Preserve current authority; do not re-import PR #66	status=approved; source commit retained for provenance; Evidence only — not configuration or deployment authority
P-H04-077	PR #66 selected input	Canonical Robinhood value for Defaults.hrConfig.maxVestingLength.	Defaults.hrConfig.maxVestingLength	P-H04-077	contracts/config/DefaultsRobinHood.vy::Defaults.hrConfig.maxVestingLength	315360000	315360000	current human-edited Blueprint/Defaults authority represented in derived ledger	already_accepted_current_authority	PR #66 0f79b626c6ec4788ba43b3132ada9ebec6084f2a; config/robinhood-parameters.json at 5f5d22b7ee78cbb904c4fe3c6e46599c330c4353	exact Git/derived-ledger reconciliation	none	D-H04-22	no	no	DefaultsRobinhood source and derived-ledger synchronization	Preserve current authority; do not re-import PR #66	status=approved; source commit retained for provenance; Evidence only — not configuration or deployment authority
P-H04-078	PR #66 selected input	Underscore is explicitly absent at launch under the approved zero semantics.	Defaults.underscoreRegistry	P-H04-078	contracts/config/DefaultsRobinHood.vy::Defaults.underscoreRegistry	"""empty(address)"""	"""empty(address)"""	current human-edited Blueprint/Defaults authority represented in derived ledger	already_accepted_current_authority	PR #66 0f79b626c6ec4788ba43b3132ada9ebec6084f2a; config/robinhood-parameters.json at 5f5d22b7ee78cbb904c4fe3c6e46599c330c4353	exact Git/derived-ledger reconciliation	none	D-H04-22	no	no	DefaultsRobinhood source and derived-ledger synchronization	Preserve current authority; do not re-import PR #66	status=approved; source commit retained for provenance; Evidence only — not configuration or deployment authority
P-H04-079	PR #66 selected input	Canonical Robinhood value for Defaults.trainingWheels.	Defaults.trainingWheels	P-H04-079	contracts/config/DefaultsRobinHood.vy::Defaults.trainingWheels	"{""kind"":""typed_null"",""reason"":""The PR #66 TrainingWheels immutable is deployment-produced and remains unresolved.""}"	"{""kind"":""symbolic_binding"",""name"":""TRAINING_WHEELS""}"	deployment-produced identity; unresolved	deployment_produced_unresolved	PR #66 0f79b626c6ec4788ba43b3132ada9ebec6084f2a; config/robinhood-parameters.json at 5f5d22b7ee78cbb904c4fe3c6e46599c330c4353	exact Git/derived-ledger reconciliation	address:TRAINING_WHEELS:unresolved	D-H04-22	no	yes	DefaultsRobinhood source and derived-ledger synchronization	Produce and bind through the authorized deployment lifecycle	status=blocked; source commit retained for provenance; Evidence only — not configuration or deployment authority
P-H04-080	PR #66 selected input	Canonical Robinhood value for Defaults.shouldCheckLastTouch.	Defaults.shouldCheckLastTouch	P-H04-080	contracts/config/DefaultsRobinHood.vy::Defaults.shouldCheckLastTouch	true	true	current human-edited Blueprint/Defaults authority represented in derived ledger	already_accepted_current_authority	PR #66 0f79b626c6ec4788ba43b3132ada9ebec6084f2a; config/robinhood-parameters.json at 5f5d22b7ee78cbb904c4fe3c6e46599c330c4353	exact Git/derived-ledger reconciliation	none	D-H04-22	no	no	DefaultsRobinhood source and derived-ledger synchronization	Preserve current authority; do not re-import PR #66	status=approved; source commit retained for provenance; Evidence only — not configuration or deployment authority
P-H04-081	PR #66 selected input	Owner-selected PR #66 Profile 1 value for Defaults.assetConfigs[STEAKHOUSE_USDG].asset.	Defaults.assetConfigs[STEAKHOUSE_USDG].asset	P-H04-081	contracts/config/DefaultsRobinHood.vy::Defaults.assetConfigs[STEAKHOUSE_USDG].asset	"""0xBeEff033F34C046626B8D0A041844C5d1A5409dd"""	"""0xBeEff033F34C046626B8D0A041844C5d1A5409dd"""	owner-selected external fact; independent acceptance pending	selected_external_fact_unverified	PR #66 0f79b626c6ec4788ba43b3132ada9ebec6084f2a; config/robinhood-parameters.json at 5f5d22b7ee78cbb904c4fe3c6e46599c330c4353	exact Git/derived-ledger reconciliation	address:STEAKHOUSE_USDG_VAULT:unverified	D-H04-22	yes	no	Independent external-fact verification; DefaultsRobinhood source and derived-ledger synchronization	Verify through the consolidated immutable-pin packet	status=external_fact; source commit retained for provenance; Evidence only — not configuration or deployment authority
P-H04-082	PR #66 selected input	Owner-selected PR #66 Profile 1 value for Defaults.assetConfigs[STEAKHOUSE_USDG].config.vaultIds.	Defaults.assetConfigs[STEAKHOUSE_USDG].config.vaultIds	P-H04-082	contracts/config/DefaultsRobinHood.vy::Defaults.assetConfigs[STEAKHOUSE_USDG].config.vaultIds	"""[3]"""	[3]	current human-edited Blueprint/Defaults authority represented in derived ledger	already_accepted_current_authority	PR #66 0f79b626c6ec4788ba43b3132ada9ebec6084f2a; config/robinhood-parameters.json at 5f5d22b7ee78cbb904c4fe3c6e46599c330c4353	exact Git/derived-ledger reconciliation	none	D-H04-22	no	no	DefaultsRobinhood source and derived-ledger synchronization	Preserve current authority; do not re-import PR #66	status=approved; source commit retained for provenance; Evidence only — not configuration or deployment authority
P-H04-083	PR #66 selected input	Owner-selected PR #66 Profile 1 value for Defaults.assetConfigs[STEAKHOUSE_USDG].config.stakersPointsAlloc.	Defaults.assetConfigs[STEAKHOUSE_USDG].config.stakersPointsAlloc	P-H04-083	contracts/config/DefaultsRobinHood.vy::Defaults.assetConfigs[STEAKHOUSE_USDG].config.stakersPointsAlloc	0	0	current human-edited Blueprint/Defaults authority represented in derived ledger	already_accepted_current_authority	PR #66 0f79b626c6ec4788ba43b3132ada9ebec6084f2a; config/robinhood-parameters.json at 5f5d22b7ee78cbb904c4fe3c6e46599c330c4353	exact Git/derived-ledger reconciliation	none	D-H04-22	no	no	DefaultsRobinhood source and derived-ledger synchronization	Preserve current authority; do not re-import PR #66	status=approved; source commit retained for provenance; Evidence only — not configuration or deployment authority
P-H04-084	PR #66 selected input	Owner-selected PR #66 Profile 1 value for Defaults.assetConfigs[STEAKHOUSE_USDG].config.voterPointsAlloc.	Defaults.assetConfigs[STEAKHOUSE_USDG].config.voterPointsAlloc	P-H04-084	contracts/config/DefaultsRobinHood.vy::Defaults.assetConfigs[STEAKHOUSE_USDG].config.voterPointsAlloc	0	0	current human-edited Blueprint/Defaults authority represented in derived ledger	already_accepted_current_authority	PR #66 0f79b626c6ec4788ba43b3132ada9ebec6084f2a; config/robinhood-parameters.json at 5f5d22b7ee78cbb904c4fe3c6e46599c330c4353	exact Git/derived-ledger reconciliation	none	D-H04-22	no	no	DefaultsRobinhood source and derived-ledger synchronization	Preserve current authority; do not re-import PR #66	status=approved; source commit retained for provenance; Evidence only — not configuration or deployment authority
P-H04-085	PR #66 selected input	Owner-selected PR #66 Profile 1 value for Defaults.assetConfigs[STEAKHOUSE_USDG].config.perUserDepositLimit.	Defaults.assetConfigs[STEAKHOUSE_USDG].config.perUserDepositLimit	P-H04-085	contracts/config/DefaultsRobinHood.vy::Defaults.assetConfigs[STEAKHOUSE_USDG].config.perUserDepositLimit	"""5000000000000000000000"""	5000000000000000000000	current human-edited Blueprint/Defaults authority represented in derived ledger	already_accepted_current_authority	PR #66 0f79b626c6ec4788ba43b3132ada9ebec6084f2a; config/robinhood-parameters.json at 5f5d22b7ee78cbb904c4fe3c6e46599c330c4353	exact Git/derived-ledger reconciliation	none	D-H04-22	no	no	DefaultsRobinhood source and derived-ledger synchronization	Preserve current authority; do not re-import PR #66	status=approved; source commit retained for provenance; Evidence only — not configuration or deployment authority
P-H04-086	PR #66 selected input	Owner-selected PR #66 Profile 1 value for Defaults.assetConfigs[STEAKHOUSE_USDG].config.globalDepositLimit.	Defaults.assetConfigs[STEAKHOUSE_USDG].config.globalDepositLimit	P-H04-086	contracts/config/DefaultsRobinHood.vy::Defaults.assetConfigs[STEAKHOUSE_USDG].config.globalDepositLimit	"""10000000000000000000000"""	10000000000000000000000	current human-edited Blueprint/Defaults authority represented in derived ledger	already_accepted_current_authority	PR #66 0f79b626c6ec4788ba43b3132ada9ebec6084f2a; config/robinhood-parameters.json at 5f5d22b7ee78cbb904c4fe3c6e46599c330c4353	exact Git/derived-ledger reconciliation	none	D-H04-22	no	no	DefaultsRobinhood source and derived-ledger synchronization	Preserve current authority; do not re-import PR #66	status=approved; source commit retained for provenance; Evidence only — not configuration or deployment authority
P-H04-087	PR #66 selected input	Owner-selected PR #66 Profile 1 value for Defaults.assetConfigs[STEAKHOUSE_USDG].config.minDepositBalance.	Defaults.assetConfigs[STEAKHOUSE_USDG].config.minDepositBalance	P-H04-087	contracts/config/DefaultsRobinHood.vy::Defaults.assetConfigs[STEAKHOUSE_USDG].config.minDepositBalance	"""10000000000000000"""	10000000000000000	current human-edited Blueprint/Defaults authority represented in derived ledger	already_accepted_current_authority	PR #66 0f79b626c6ec4788ba43b3132ada9ebec6084f2a; config/robinhood-parameters.json at 5f5d22b7ee78cbb904c4fe3c6e46599c330c4353	exact Git/derived-ledger reconciliation	none	D-H04-22	no	no	DefaultsRobinhood source and derived-ledger synchronization	Preserve current authority; do not re-import PR #66	status=approved; source commit retained for provenance; Evidence only — not configuration or deployment authority
P-H04-088	PR #66 selected input	Owner-selected PR #66 Profile 1 value for Defaults.assetConfigs[STEAKHOUSE_USDG].config.debtTerms.ltv.	Defaults.assetConfigs[STEAKHOUSE_USDG].config.debtTerms.ltv	P-H04-088	contracts/config/DefaultsRobinHood.vy::Defaults.assetConfigs[STEAKHOUSE_USDG].config.debtTerms.ltv	7000	7000	current human-edited Blueprint/Defaults authority represented in derived ledger	already_accepted_current_authority	PR #66 0f79b626c6ec4788ba43b3132ada9ebec6084f2a; config/robinhood-parameters.json at 5f5d22b7ee78cbb904c4fe3c6e46599c330c4353	exact Git/derived-ledger reconciliation	none	D-H04-22	no	no	DefaultsRobinhood source and derived-ledger synchronization	Preserve current authority; do not re-import PR #66	status=approved; source commit retained for provenance; Evidence only — not configuration or deployment authority
P-H04-089	PR #66 selected input	Owner-selected PR #66 Profile 1 value for Defaults.assetConfigs[STEAKHOUSE_USDG].config.debtTerms.redemptionThreshold.	Defaults.assetConfigs[STEAKHOUSE_USDG].config.debtTerms.redemptionThreshold	P-H04-089	contracts/config/DefaultsRobinHood.vy::Defaults.assetConfigs[STEAKHOUSE_USDG].config.debtTerms.redemptionThreshold	7700	7700	current human-edited Blueprint/Defaults authority represented in derived ledger	already_accepted_current_authority	PR #66 0f79b626c6ec4788ba43b3132ada9ebec6084f2a; config/robinhood-parameters.json at 5f5d22b7ee78cbb904c4fe3c6e46599c330c4353	exact Git/derived-ledger reconciliation	none	D-H04-22	no	no	DefaultsRobinhood source and derived-ledger synchronization	Preserve current authority; do not re-import PR #66	status=approved; source commit retained for provenance; Evidence only — not configuration or deployment authority
P-H04-090	PR #66 selected input	Owner-selected PR #66 Profile 1 value for Defaults.assetConfigs[STEAKHOUSE_USDG].config.debtTerms.liqThreshold.	Defaults.assetConfigs[STEAKHOUSE_USDG].config.debtTerms.liqThreshold	P-H04-090	contracts/config/DefaultsRobinHood.vy::Defaults.assetConfigs[STEAKHOUSE_USDG].config.debtTerms.liqThreshold	8000	8000	current human-edited Blueprint/Defaults authority represented in derived ledger	already_accepted_current_authority	PR #66 0f79b626c6ec4788ba43b3132ada9ebec6084f2a; config/robinhood-parameters.json at 5f5d22b7ee78cbb904c4fe3c6e46599c330c4353	exact Git/derived-ledger reconciliation	none	D-H04-22	no	no	DefaultsRobinhood source and derived-ledger synchronization	Preserve current authority; do not re-import PR #66	status=approved; source commit retained for provenance; Evidence only — not configuration or deployment authority
P-H04-091	PR #66 selected input	Owner-selected PR #66 Profile 1 value for Defaults.assetConfigs[STEAKHOUSE_USDG].config.debtTerms.liqFee.	Defaults.assetConfigs[STEAKHOUSE_USDG].config.debtTerms.liqFee	P-H04-091	contracts/config/DefaultsRobinHood.vy::Defaults.assetConfigs[STEAKHOUSE_USDG].config.debtTerms.liqFee	1000	1000	current human-edited Blueprint/Defaults authority represented in derived ledger	already_accepted_current_authority	PR #66 0f79b626c6ec4788ba43b3132ada9ebec6084f2a; config/robinhood-parameters.json at 5f5d22b7ee78cbb904c4fe3c6e46599c330c4353	exact Git/derived-ledger reconciliation	none	D-H04-22	no	no	DefaultsRobinhood source and derived-ledger synchronization	Preserve current authority; do not re-import PR #66	status=approved; source commit retained for provenance; Evidence only — not configuration or deployment authority
P-H04-092	PR #66 selected input	Owner-selected PR #66 Profile 1 value for Defaults.assetConfigs[STEAKHOUSE_USDG].config.debtTerms.borrowRate.	Defaults.assetConfigs[STEAKHOUSE_USDG].config.debtTerms.borrowRate	P-H04-092	contracts/config/DefaultsRobinHood.vy::Defaults.assetConfigs[STEAKHOUSE_USDG].config.debtTerms.borrowRate	600	600	current human-edited Blueprint/Defaults authority represented in derived ledger	already_accepted_current_authority	PR #66 0f79b626c6ec4788ba43b3132ada9ebec6084f2a; config/robinhood-parameters.json at 5f5d22b7ee78cbb904c4fe3c6e46599c330c4353	exact Git/derived-ledger reconciliation	none	D-H04-22	no	no	DefaultsRobinhood source and derived-ledger synchronization	Preserve current authority; do not re-import PR #66	status=approved; source commit retained for provenance; Evidence only — not configuration or deployment authority
P-H04-093	PR #66 selected input	Owner-selected PR #66 Profile 1 value for Defaults.assetConfigs[STEAKHOUSE_USDG].config.debtTerms.daowry.	Defaults.assetConfigs[STEAKHOUSE_USDG].config.debtTerms.daowry	P-H04-093	contracts/config/DefaultsRobinHood.vy::Defaults.assetConfigs[STEAKHOUSE_USDG].config.debtTerms.daowry	25	25	current human-edited Blueprint/Defaults authority represented in derived ledger	already_accepted_current_authority	PR #66 0f79b626c6ec4788ba43b3132ada9ebec6084f2a; config/robinhood-parameters.json at 5f5d22b7ee78cbb904c4fe3c6e46599c330c4353	exact Git/derived-ledger reconciliation	none	D-H04-22	no	no	DefaultsRobinhood source and derived-ledger synchronization	Preserve current authority; do not re-import PR #66	status=approved; source commit retained for provenance; Evidence only — not configuration or deployment authority
P-H04-094	PR #66 selected input	Owner-selected PR #66 Profile 1 value for Defaults.assetConfigs[STEAKHOUSE_USDG].config.shouldBurnAsPayment.	Defaults.assetConfigs[STEAKHOUSE_USDG].config.shouldBurnAsPayment	P-H04-094	contracts/config/DefaultsRobinHood.vy::Defaults.assetConfigs[STEAKHOUSE_USDG].config.shouldBurnAsPayment	false	false	current human-edited Blueprint/Defaults authority represented in derived ledger	already_accepted_current_authority	PR #66 0f79b626c6ec4788ba43b3132ada9ebec6084f2a; config/robinhood-parameters.json at 5f5d22b7ee78cbb904c4fe3c6e46599c330c4353	exact Git/derived-ledger reconciliation	none	D-H04-22	no	no	DefaultsRobinhood source and derived-ledger synchronization	Preserve current authority; do not re-import PR #66	status=approved; source commit retained for provenance; Evidence only — not configuration or deployment authority
P-H04-095	PR #66 selected input	Owner-selected PR #66 Profile 1 value for Defaults.assetConfigs[STEAKHOUSE_USDG].config.shouldTransferToEndaoment.	Defaults.assetConfigs[STEAKHOUSE_USDG].config.shouldTransferToEndaoment	P-H04-095	contracts/config/DefaultsRobinHood.vy::Defaults.assetConfigs[STEAKHOUSE_USDG].config.shouldTransferToEndaoment	true	true	current human-edited Blueprint/Defaults authority represented in derived ledger	already_accepted_current_authority	PR #66 0f79b626c6ec4788ba43b3132ada9ebec6084f2a; config/robinhood-parameters.json at 5f5d22b7ee78cbb904c4fe3c6e46599c330c4353	exact Git/derived-ledger reconciliation	none	D-H04-22	no	no	DefaultsRobinhood source and derived-ledger synchronization	Preserve current authority; do not re-import PR #66	status=approved; source commit retained for provenance; Evidence only — not configuration or deployment authority
P-H04-096	PR #66 selected input	Owner-selected PR #66 Profile 1 value for Defaults.assetConfigs[STEAKHOUSE_USDG].config.shouldSwapInStabPools.	Defaults.assetConfigs[STEAKHOUSE_USDG].config.shouldSwapInStabPools	P-H04-096	contracts/config/DefaultsRobinHood.vy::Defaults.assetConfigs[STEAKHOUSE_USDG].config.shouldSwapInStabPools	false	false	current human-edited Blueprint/Defaults authority represented in derived ledger	already_accepted_current_authority	PR #66 0f79b626c6ec4788ba43b3132ada9ebec6084f2a; config/robinhood-parameters.json at 5f5d22b7ee78cbb904c4fe3c6e46599c330c4353	exact Git/derived-ledger reconciliation	none	D-H04-22	no	no	DefaultsRobinhood source and derived-ledger synchronization	Preserve current authority; do not re-import PR #66	status=approved; source commit retained for provenance; Evidence only — not configuration or deployment authority
P-H04-097	PR #66 selected input	Owner-selected PR #66 Profile 1 value for Defaults.assetConfigs[STEAKHOUSE_USDG].config.shouldAuctionInstantly.	Defaults.assetConfigs[STEAKHOUSE_USDG].config.shouldAuctionInstantly	P-H04-097	contracts/config/DefaultsRobinHood.vy::Defaults.assetConfigs[STEAKHOUSE_USDG].config.shouldAuctionInstantly	false	false	current human-edited Blueprint/Defaults authority represented in derived ledger	already_accepted_current_authority	PR #66 0f79b626c6ec4788ba43b3132ada9ebec6084f2a; config/robinhood-parameters.json at 5f5d22b7ee78cbb904c4fe3c6e46599c330c4353	exact Git/derived-ledger reconciliation	none	D-H04-22	no	no	DefaultsRobinhood source and derived-ledger synchronization	Preserve current authority; do not re-import PR #66	status=approved; source commit retained for provenance; Evidence only — not configuration or deployment authority
P-H04-098	PR #66 selected input	Owner-selected PR #66 Profile 1 value for Defaults.assetConfigs[STEAKHOUSE_USDG].config.canDeposit.	Defaults.assetConfigs[STEAKHOUSE_USDG].config.canDeposit	P-H04-098	contracts/config/DefaultsRobinHood.vy::Defaults.assetConfigs[STEAKHOUSE_USDG].config.canDeposit	true	true	current human-edited Blueprint/Defaults authority represented in derived ledger	already_accepted_current_authority	PR #66 0f79b626c6ec4788ba43b3132ada9ebec6084f2a; config/robinhood-parameters.json at 5f5d22b7ee78cbb904c4fe3c6e46599c330c4353	exact Git/derived-ledger reconciliation	none	D-H04-22	no	no	DefaultsRobinhood source and derived-ledger synchronization	Preserve current authority; do not re-import PR #66	status=approved; source commit retained for provenance; Evidence only — not configuration or deployment authority
P-H04-099	PR #66 selected input	Owner-selected PR #66 Profile 1 value for Defaults.assetConfigs[STEAKHOUSE_USDG].config.canWithdraw.	Defaults.assetConfigs[STEAKHOUSE_USDG].config.canWithdraw	P-H04-099	contracts/config/DefaultsRobinHood.vy::Defaults.assetConfigs[STEAKHOUSE_USDG].config.canWithdraw	true	true	current human-edited Blueprint/Defaults authority represented in derived ledger	already_accepted_current_authority	PR #66 0f79b626c6ec4788ba43b3132ada9ebec6084f2a; config/robinhood-parameters.json at 5f5d22b7ee78cbb904c4fe3c6e46599c330c4353	exact Git/derived-ledger reconciliation	none	D-H04-22	no	no	DefaultsRobinhood source and derived-ledger synchronization	Preserve current authority; do not re-import PR #66	status=approved; source commit retained for provenance; Evidence only — not configuration or deployment authority
P-H04-100	PR #66 selected input	Owner-selected PR #66 Profile 1 value for Defaults.assetConfigs[STEAKHOUSE_USDG].config.canRedeemCollateral.	Defaults.assetConfigs[STEAKHOUSE_USDG].config.canRedeemCollateral	P-H04-100	contracts/config/DefaultsRobinHood.vy::Defaults.assetConfigs[STEAKHOUSE_USDG].config.canRedeemCollateral	false	false	current human-edited Blueprint/Defaults authority represented in derived ledger	already_accepted_current_authority	PR #66 0f79b626c6ec4788ba43b3132ada9ebec6084f2a; config/robinhood-parameters.json at 5f5d22b7ee78cbb904c4fe3c6e46599c330c4353	exact Git/derived-ledger reconciliation	none	D-H04-22	no	no	DefaultsRobinhood source and derived-ledger synchronization	Preserve current authority; do not re-import PR #66	status=approved; source commit retained for provenance; Evidence only — not configuration or deployment authority
P-H04-101	PR #66 selected input	Owner-selected PR #66 Profile 1 value for Defaults.assetConfigs[STEAKHOUSE_USDG].config.canRedeemInStabPool.	Defaults.assetConfigs[STEAKHOUSE_USDG].config.canRedeemInStabPool	P-H04-101	contracts/config/DefaultsRobinHood.vy::Defaults.assetConfigs[STEAKHOUSE_USDG].config.canRedeemInStabPool	true	true	current human-edited Blueprint/Defaults authority represented in derived ledger	already_accepted_current_authority	PR #66 0f79b626c6ec4788ba43b3132ada9ebec6084f2a; config/robinhood-parameters.json at 5f5d22b7ee78cbb904c4fe3c6e46599c330c4353	exact Git/derived-ledger reconciliation	none	D-H04-22	no	no	DefaultsRobinhood source and derived-ledger synchronization	Preserve current authority; do not re-import PR #66	status=approved; source commit retained for provenance; Evidence only — not configuration or deployment authority
P-H04-102	PR #66 selected input	Owner-selected PR #66 Profile 1 value for Defaults.assetConfigs[STEAKHOUSE_USDG].config.canBuyInAuction.	Defaults.assetConfigs[STEAKHOUSE_USDG].config.canBuyInAuction	P-H04-102	contracts/config/DefaultsRobinHood.vy::Defaults.assetConfigs[STEAKHOUSE_USDG].config.canBuyInAuction	true	true	current human-edited Blueprint/Defaults authority represented in derived ledger	already_accepted_current_authority	PR #66 0f79b626c6ec4788ba43b3132ada9ebec6084f2a; config/robinhood-parameters.json at 5f5d22b7ee78cbb904c4fe3c6e46599c330c4353	exact Git/derived-ledger reconciliation	none	D-H04-22	no	no	DefaultsRobinhood source and derived-ledger synchronization	Preserve current authority; do not re-import PR #66	status=approved; source commit retained for provenance; Evidence only — not configuration or deployment authority
P-H04-103	PR #66 selected input	Owner-selected PR #66 Profile 1 value for Defaults.assetConfigs[STEAKHOUSE_USDG].config.canClaimInStabPool.	Defaults.assetConfigs[STEAKHOUSE_USDG].config.canClaimInStabPool	P-H04-103	contracts/config/DefaultsRobinHood.vy::Defaults.assetConfigs[STEAKHOUSE_USDG].config.canClaimInStabPool	true	true	current human-edited Blueprint/Defaults authority represented in derived ledger	already_accepted_current_authority	PR #66 0f79b626c6ec4788ba43b3132ada9ebec6084f2a; config/robinhood-parameters.json at 5f5d22b7ee78cbb904c4fe3c6e46599c330c4353	exact Git/derived-ledger reconciliation	none	D-H04-22	no	no	DefaultsRobinhood source and derived-ledger synchronization	Preserve current authority; do not re-import PR #66	status=approved; source commit retained for provenance; Evidence only — not configuration or deployment authority
P-H04-104	PR #66 selected input	Owner-selected PR #66 Profile 1 value for Defaults.assetConfigs[STEAKHOUSE_USDG].config.specialStabPoolId.	Defaults.assetConfigs[STEAKHOUSE_USDG].config.specialStabPoolId	P-H04-104	contracts/config/DefaultsRobinHood.vy::Defaults.assetConfigs[STEAKHOUSE_USDG].config.specialStabPoolId	0	0	current human-edited Blueprint/Defaults authority represented in derived ledger	already_accepted_current_authority	PR #66 0f79b626c6ec4788ba43b3132ada9ebec6084f2a; config/robinhood-parameters.json at 5f5d22b7ee78cbb904c4fe3c6e46599c330c4353	exact Git/derived-ledger reconciliation	none	D-H04-22	no	no	DefaultsRobinhood source and derived-ledger synchronization	Preserve current authority; do not re-import PR #66	status=approved; source commit retained for provenance; Evidence only — not configuration or deployment authority
P-H04-105	PR #66 selected input	Owner-selected PR #66 Profile 1 value for Defaults.assetConfigs[STEAKHOUSE_USDG].config.customAuctionParams.hasParams.	Defaults.assetConfigs[STEAKHOUSE_USDG].config.customAuctionParams.hasParams	P-H04-105	contracts/config/DefaultsRobinHood.vy::Defaults.assetConfigs[STEAKHOUSE_USDG].config.customAuctionParams.hasParams	false	false	current human-edited Blueprint/Defaults authority represented in derived ledger	already_accepted_current_authority	PR #66 0f79b626c6ec4788ba43b3132ada9ebec6084f2a; config/robinhood-parameters.json at 5f5d22b7ee78cbb904c4fe3c6e46599c330c4353	exact Git/derived-ledger reconciliation	none	D-H04-22	no	no	DefaultsRobinhood source and derived-ledger synchronization	Preserve current authority; do not re-import PR #66	status=approved; source commit retained for provenance; Evidence only — not configuration or deployment authority
P-H04-106	PR #66 selected input	Owner-selected PR #66 Profile 1 value for Defaults.assetConfigs[STEAKHOUSE_USDG].config.customAuctionParams.startDiscount.	Defaults.assetConfigs[STEAKHOUSE_USDG].config.customAuctionParams.startDiscount	P-H04-106	contracts/config/DefaultsRobinHood.vy::Defaults.assetConfigs[STEAKHOUSE_USDG].config.customAuctionParams.startDiscount	0	0	current human-edited Blueprint/Defaults authority represented in derived ledger	already_accepted_current_authority	PR #66 0f79b626c6ec4788ba43b3132ada9ebec6084f2a; config/robinhood-parameters.json at 5f5d22b7ee78cbb904c4fe3c6e46599c330c4353	exact Git/derived-ledger reconciliation	none	D-H04-22	no	no	DefaultsRobinhood source and derived-ledger synchronization	Preserve current authority; do not re-import PR #66	status=approved; source commit retained for provenance; Evidence only — not configuration or deployment authority
P-H04-107	PR #66 selected input	Owner-selected PR #66 Profile 1 value for Defaults.assetConfigs[STEAKHOUSE_USDG].config.customAuctionParams.maxDiscount.	Defaults.assetConfigs[STEAKHOUSE_USDG].config.customAuctionParams.maxDiscount	P-H04-107	contracts/config/DefaultsRobinHood.vy::Defaults.assetConfigs[STEAKHOUSE_USDG].config.customAuctionParams.maxDiscount	0	0	current human-edited Blueprint/Defaults authority represented in derived ledger	already_accepted_current_authority	PR #66 0f79b626c6ec4788ba43b3132ada9ebec6084f2a; config/robinhood-parameters.json at 5f5d22b7ee78cbb904c4fe3c6e46599c330c4353	exact Git/derived-ledger reconciliation	none	D-H04-22	no	no	DefaultsRobinhood source and derived-ledger synchronization	Preserve current authority; do not re-import PR #66	status=approved; source commit retained for provenance; Evidence only — not configuration or deployment authority
P-H04-108	PR #66 selected input	Owner-selected PR #66 Profile 1 value for Defaults.assetConfigs[STEAKHOUSE_USDG].config.customAuctionParams.delay.	Defaults.assetConfigs[STEAKHOUSE_USDG].config.customAuctionParams.delay	P-H04-108	contracts/config/DefaultsRobinHood.vy::Defaults.assetConfigs[STEAKHOUSE_USDG].config.customAuctionParams.delay	0	0	current human-edited Blueprint/Defaults authority represented in derived ledger	already_accepted_current_authority	PR #66 0f79b626c6ec4788ba43b3132ada9ebec6084f2a; config/robinhood-parameters.json at 5f5d22b7ee78cbb904c4fe3c6e46599c330c4353	exact Git/derived-ledger reconciliation	none	D-H04-22	no	no	DefaultsRobinhood source and derived-ledger synchronization	Preserve current authority; do not re-import PR #66	status=approved; source commit retained for provenance; Evidence only — not configuration or deployment authority
P-H04-109	PR #66 selected input	Owner-selected PR #66 Profile 1 value for Defaults.assetConfigs[STEAKHOUSE_USDG].config.customAuctionParams.duration.	Defaults.assetConfigs[STEAKHOUSE_USDG].config.customAuctionParams.duration	P-H04-109	contracts/config/DefaultsRobinHood.vy::Defaults.assetConfigs[STEAKHOUSE_USDG].config.customAuctionParams.duration	0	0	current human-edited Blueprint/Defaults authority represented in derived ledger	already_accepted_current_authority	PR #66 0f79b626c6ec4788ba43b3132ada9ebec6084f2a; config/robinhood-parameters.json at 5f5d22b7ee78cbb904c4fe3c6e46599c330c4353	exact Git/derived-ledger reconciliation	none	D-H04-22	no	no	DefaultsRobinhood source and derived-ledger synchronization	Preserve current authority; do not re-import PR #66	status=approved; source commit retained for provenance; Evidence only — not configuration or deployment authority
P-H04-110	PR #66 selected input	Owner-selected PR #66 Profile 1 value for Defaults.assetConfigs[STEAKHOUSE_USDG].config.whitelist.	Defaults.assetConfigs[STEAKHOUSE_USDG].config.whitelist	P-H04-110	contracts/config/DefaultsRobinHood.vy::Defaults.assetConfigs[STEAKHOUSE_USDG].config.whitelist	"""empty(address)"""	"""empty(address)"""	current human-edited Blueprint/Defaults authority represented in derived ledger	already_accepted_current_authority	PR #66 0f79b626c6ec4788ba43b3132ada9ebec6084f2a; config/robinhood-parameters.json at 5f5d22b7ee78cbb904c4fe3c6e46599c330c4353	exact Git/derived-ledger reconciliation	none	D-H04-22	no	no	DefaultsRobinhood source and derived-ledger synchronization	Preserve current authority; do not re-import PR #66	status=approved; source commit retained for provenance; Evidence only — not configuration or deployment authority
P-H04-111	PR #66 selected input	Owner-selected PR #66 Profile 1 value for Defaults.assetConfigs[STEAKHOUSE_USDG].config.isNft.	Defaults.assetConfigs[STEAKHOUSE_USDG].config.isNft	P-H04-111	contracts/config/DefaultsRobinHood.vy::Defaults.assetConfigs[STEAKHOUSE_USDG].config.isNft	false	false	current human-edited Blueprint/Defaults authority represented in derived ledger	already_accepted_current_authority	PR #66 0f79b626c6ec4788ba43b3132ada9ebec6084f2a; config/robinhood-parameters.json at 5f5d22b7ee78cbb904c4fe3c6e46599c330c4353	exact Git/derived-ledger reconciliation	none	D-H04-22	no	no	DefaultsRobinhood source and derived-ledger synchronization	Preserve current authority; do not re-import PR #66	status=approved; source commit retained for provenance; Evidence only — not configuration or deployment authority
P-H04-112	PR #66 selected input	Owner-selected PR #66 Profile 1 value for Defaults.assetConfigs[GREEN].asset.	Defaults.assetConfigs[GREEN].asset	P-H04-112	contracts/config/DefaultsRobinHood.vy::Defaults.assetConfigs[GREEN].asset	"{""kind"":""typed_null"",""reason"":""The PR #66 GREEN immutable is deployment-produced and remains unresolved.""}"	"{""kind"":""symbolic_binding"",""name"":""GREEN_TOKEN""}"	deployment-produced identity; unresolved	deployment_produced_unresolved	PR #66 0f79b626c6ec4788ba43b3132ada9ebec6084f2a; config/robinhood-parameters.json at 5f5d22b7ee78cbb904c4fe3c6e46599c330c4353	exact Git/derived-ledger reconciliation	address:GREEN_TOKEN:unresolved	D-H04-22	no	yes	DefaultsRobinhood source and derived-ledger synchronization	Produce and bind through the authorized deployment lifecycle	status=blocked; source commit retained for provenance; Evidence only — not configuration or deployment authority
P-H04-113	PR #66 selected input	Owner-selected PR #66 Profile 1 value for Defaults.assetConfigs[GREEN].config.vaultIds.	Defaults.assetConfigs[GREEN].config.vaultIds	P-H04-113	contracts/config/DefaultsRobinHood.vy::Defaults.assetConfigs[GREEN].config.vaultIds	"""[]"""	[]	current human-edited Blueprint/Defaults authority represented in derived ledger	already_accepted_current_authority	PR #66 0f79b626c6ec4788ba43b3132ada9ebec6084f2a; config/robinhood-parameters.json at 5f5d22b7ee78cbb904c4fe3c6e46599c330c4353	exact Git/derived-ledger reconciliation	none	D-H04-22	no	no	DefaultsRobinhood source and derived-ledger synchronization	Preserve current authority; do not re-import PR #66	status=approved; source commit retained for provenance; Evidence only — not configuration or deployment authority
P-H04-114	PR #66 selected input	Owner-selected PR #66 Profile 1 value for Defaults.assetConfigs[GREEN].config.stakersPointsAlloc.	Defaults.assetConfigs[GREEN].config.stakersPointsAlloc	P-H04-114	contracts/config/DefaultsRobinHood.vy::Defaults.assetConfigs[GREEN].config.stakersPointsAlloc	0	0	current human-edited Blueprint/Defaults authority represented in derived ledger	already_accepted_current_authority	PR #66 0f79b626c6ec4788ba43b3132ada9ebec6084f2a; config/robinhood-parameters.json at 5f5d22b7ee78cbb904c4fe3c6e46599c330c4353	exact Git/derived-ledger reconciliation	none	D-H04-22	no	no	DefaultsRobinhood source and derived-ledger synchronization	Preserve current authority; do not re-import PR #66	status=approved; source commit retained for provenance; Evidence only — not configuration or deployment authority
P-H04-115	PR #66 selected input	Owner-selected PR #66 Profile 1 value for Defaults.assetConfigs[GREEN].config.voterPointsAlloc.	Defaults.assetConfigs[GREEN].config.voterPointsAlloc	P-H04-115	contracts/config/DefaultsRobinHood.vy::Defaults.assetConfigs[GREEN].config.voterPointsAlloc	0	0	current human-edited Blueprint/Defaults authority represented in derived ledger	already_accepted_current_authority	PR #66 0f79b626c6ec4788ba43b3132ada9ebec6084f2a; config/robinhood-parameters.json at 5f5d22b7ee78cbb904c4fe3c6e46599c330c4353	exact Git/derived-ledger reconciliation	none	D-H04-22	no	no	DefaultsRobinhood source and derived-ledger synchronization	Preserve current authority; do not re-import PR #66	status=approved; source commit retained for provenance; Evidence only — not configuration or deployment authority
P-H04-116	PR #66 selected input	Owner-selected PR #66 Profile 1 value for Defaults.assetConfigs[GREEN].config.perUserDepositLimit.	Defaults.assetConfigs[GREEN].config.perUserDepositLimit	P-H04-116	contracts/config/DefaultsRobinHood.vy::Defaults.assetConfigs[GREEN].config.perUserDepositLimit	1	1	current human-edited Blueprint/Defaults authority represented in derived ledger	already_accepted_current_authority	PR #66 0f79b626c6ec4788ba43b3132ada9ebec6084f2a; config/robinhood-parameters.json at 5f5d22b7ee78cbb904c4fe3c6e46599c330c4353	exact Git/derived-ledger reconciliation	none	D-H04-22	no	no	DefaultsRobinhood source and derived-ledger synchronization	Preserve current authority; do not re-import PR #66	status=approved; source commit retained for provenance; Evidence only — not configuration or deployment authority
P-H04-117	PR #66 selected input	Owner-selected PR #66 Profile 1 value for Defaults.assetConfigs[GREEN].config.globalDepositLimit.	Defaults.assetConfigs[GREEN].config.globalDepositLimit	P-H04-117	contracts/config/DefaultsRobinHood.vy::Defaults.assetConfigs[GREEN].config.globalDepositLimit	2	2	current human-edited Blueprint/Defaults authority represented in derived ledger	already_accepted_current_authority	PR #66 0f79b626c6ec4788ba43b3132ada9ebec6084f2a; config/robinhood-parameters.json at 5f5d22b7ee78cbb904c4fe3c6e46599c330c4353	exact Git/derived-ledger reconciliation	none	D-H04-22	no	no	DefaultsRobinhood source and derived-ledger synchronization	Preserve current authority; do not re-import PR #66	status=approved; source commit retained for provenance; Evidence only — not configuration or deployment authority
P-H04-118	PR #66 selected input	Owner-selected PR #66 Profile 1 value for Defaults.assetConfigs[GREEN].config.minDepositBalance.	Defaults.assetConfigs[GREEN].config.minDepositBalance	P-H04-118	contracts/config/DefaultsRobinHood.vy::Defaults.assetConfigs[GREEN].config.minDepositBalance	1	1	current human-edited Blueprint/Defaults authority represented in derived ledger	already_accepted_current_authority	PR #66 0f79b626c6ec4788ba43b3132ada9ebec6084f2a; config/robinhood-parameters.json at 5f5d22b7ee78cbb904c4fe3c6e46599c330c4353	exact Git/derived-ledger reconciliation	none	D-H04-22	no	no	DefaultsRobinhood source and derived-ledger synchronization	Preserve current authority; do not re-import PR #66	status=approved; source commit retained for provenance; Evidence only — not configuration or deployment authority
P-H04-119	PR #66 selected input	Owner-selected PR #66 Profile 1 value for Defaults.assetConfigs[GREEN].config.debtTerms.ltv.	Defaults.assetConfigs[GREEN].config.debtTerms.ltv	P-H04-119	contracts/config/DefaultsRobinHood.vy::Defaults.assetConfigs[GREEN].config.debtTerms.ltv	0	0	current human-edited Blueprint/Defaults authority represented in derived ledger	already_accepted_current_authority	PR #66 0f79b626c6ec4788ba43b3132ada9ebec6084f2a; config/robinhood-parameters.json at 5f5d22b7ee78cbb904c4fe3c6e46599c330c4353	exact Git/derived-ledger reconciliation	none	D-H04-22	no	no	DefaultsRobinhood source and derived-ledger synchronization	Preserve current authority; do not re-import PR #66	status=approved; source commit retained for provenance; Evidence only — not configuration or deployment authority
P-H04-120	PR #66 selected input	Owner-selected PR #66 Profile 1 value for Defaults.assetConfigs[GREEN].config.debtTerms.redemptionThreshold.	Defaults.assetConfigs[GREEN].config.debtTerms.redemptionThreshold	P-H04-120	contracts/config/DefaultsRobinHood.vy::Defaults.assetConfigs[GREEN].config.debtTerms.redemptionThreshold	0	0	current human-edited Blueprint/Defaults authority represented in derived ledger	already_accepted_current_authority	PR #66 0f79b626c6ec4788ba43b3132ada9ebec6084f2a; config/robinhood-parameters.json at 5f5d22b7ee78cbb904c4fe3c6e46599c330c4353	exact Git/derived-ledger reconciliation	none	D-H04-22	no	no	DefaultsRobinhood source and derived-ledger synchronization	Preserve current authority; do not re-import PR #66	status=approved; source commit retained for provenance; Evidence only — not configuration or deployment authority
P-H04-121	PR #66 selected input	Owner-selected PR #66 Profile 1 value for Defaults.assetConfigs[GREEN].config.debtTerms.liqThreshold.	Defaults.assetConfigs[GREEN].config.debtTerms.liqThreshold	P-H04-121	contracts/config/DefaultsRobinHood.vy::Defaults.assetConfigs[GREEN].config.debtTerms.liqThreshold	0	0	current human-edited Blueprint/Defaults authority represented in derived ledger	already_accepted_current_authority	PR #66 0f79b626c6ec4788ba43b3132ada9ebec6084f2a; config/robinhood-parameters.json at 5f5d22b7ee78cbb904c4fe3c6e46599c330c4353	exact Git/derived-ledger reconciliation	none	D-H04-22	no	no	DefaultsRobinhood source and derived-ledger synchronization	Preserve current authority; do not re-import PR #66	status=approved; source commit retained for provenance; Evidence only — not configuration or deployment authority
P-H04-122	PR #66 selected input	Owner-selected PR #66 Profile 1 value for Defaults.assetConfigs[GREEN].config.debtTerms.liqFee.	Defaults.assetConfigs[GREEN].config.debtTerms.liqFee	P-H04-122	contracts/config/DefaultsRobinHood.vy::Defaults.assetConfigs[GREEN].config.debtTerms.liqFee	0	0	current human-edited Blueprint/Defaults authority represented in derived ledger	already_accepted_current_authority	PR #66 0f79b626c6ec4788ba43b3132ada9ebec6084f2a; config/robinhood-parameters.json at 5f5d22b7ee78cbb904c4fe3c6e46599c330c4353	exact Git/derived-ledger reconciliation	none	D-H04-22	no	no	DefaultsRobinhood source and derived-ledger synchronization	Preserve current authority; do not re-import PR #66	status=approved; source commit retained for provenance; Evidence only — not configuration or deployment authority
P-H04-123	PR #66 selected input	Owner-selected PR #66 Profile 1 value for Defaults.assetConfigs[GREEN].config.debtTerms.borrowRate.	Defaults.assetConfigs[GREEN].config.debtTerms.borrowRate	P-H04-123	contracts/config/DefaultsRobinHood.vy::Defaults.assetConfigs[GREEN].config.debtTerms.borrowRate	0	0	current human-edited Blueprint/Defaults authority represented in derived ledger	already_accepted_current_authority	PR #66 0f79b626c6ec4788ba43b3132ada9ebec6084f2a; config/robinhood-parameters.json at 5f5d22b7ee78cbb904c4fe3c6e46599c330c4353	exact Git/derived-ledger reconciliation	none	D-H04-22	no	no	DefaultsRobinhood source and derived-ledger synchronization	Preserve current authority; do not re-import PR #66	status=approved; source commit retained for provenance; Evidence only — not configuration or deployment authority
P-H04-124	PR #66 selected input	Owner-selected PR #66 Profile 1 value for Defaults.assetConfigs[GREEN].config.debtTerms.daowry.	Defaults.assetConfigs[GREEN].config.debtTerms.daowry	P-H04-124	contracts/config/DefaultsRobinHood.vy::Defaults.assetConfigs[GREEN].config.debtTerms.daowry	0	0	current human-edited Blueprint/Defaults authority represented in derived ledger	already_accepted_current_authority	PR #66 0f79b626c6ec4788ba43b3132ada9ebec6084f2a; config/robinhood-parameters.json at 5f5d22b7ee78cbb904c4fe3c6e46599c330c4353	exact Git/derived-ledger reconciliation	none	D-H04-22	no	no	DefaultsRobinhood source and derived-ledger synchronization	Preserve current authority; do not re-import PR #66	status=approved; source commit retained for provenance; Evidence only — not configuration or deployment authority
P-H04-125	PR #66 selected input	Owner-selected PR #66 Profile 1 value for Defaults.assetConfigs[GREEN].config.shouldBurnAsPayment.	Defaults.assetConfigs[GREEN].config.shouldBurnAsPayment	P-H04-125	contracts/config/DefaultsRobinHood.vy::Defaults.assetConfigs[GREEN].config.shouldBurnAsPayment	false	false	current human-edited Blueprint/Defaults authority represented in derived ledger	already_accepted_current_authority	PR #66 0f79b626c6ec4788ba43b3132ada9ebec6084f2a; config/robinhood-parameters.json at 5f5d22b7ee78cbb904c4fe3c6e46599c330c4353	exact Git/derived-ledger reconciliation	none	D-H04-22	no	no	DefaultsRobinhood source and derived-ledger synchronization	Preserve current authority; do not re-import PR #66	status=approved; source commit retained for provenance; Evidence only — not configuration or deployment authority
P-H04-126	PR #66 selected input	Owner-selected PR #66 Profile 1 value for Defaults.assetConfigs[GREEN].config.shouldTransferToEndaoment.	Defaults.assetConfigs[GREEN].config.shouldTransferToEndaoment	P-H04-126	contracts/config/DefaultsRobinHood.vy::Defaults.assetConfigs[GREEN].config.shouldTransferToEndaoment	false	false	current human-edited Blueprint/Defaults authority represented in derived ledger	already_accepted_current_authority	PR #66 0f79b626c6ec4788ba43b3132ada9ebec6084f2a; config/robinhood-parameters.json at 5f5d22b7ee78cbb904c4fe3c6e46599c330c4353	exact Git/derived-ledger reconciliation	none	D-H04-22	no	no	DefaultsRobinhood source and derived-ledger synchronization	Preserve current authority; do not re-import PR #66	status=approved; source commit retained for provenance; Evidence only — not configuration or deployment authority
P-H04-127	PR #66 selected input	Owner-selected PR #66 Profile 1 value for Defaults.assetConfigs[GREEN].config.shouldSwapInStabPools.	Defaults.assetConfigs[GREEN].config.shouldSwapInStabPools	P-H04-127	contracts/config/DefaultsRobinHood.vy::Defaults.assetConfigs[GREEN].config.shouldSwapInStabPools	false	false	current human-edited Blueprint/Defaults authority represented in derived ledger	already_accepted_current_authority	PR #66 0f79b626c6ec4788ba43b3132ada9ebec6084f2a; config/robinhood-parameters.json at 5f5d22b7ee78cbb904c4fe3c6e46599c330c4353	exact Git/derived-ledger reconciliation	none	D-H04-22	no	no	DefaultsRobinhood source and derived-ledger synchronization	Preserve current authority; do not re-import PR #66	status=approved; source commit retained for provenance; Evidence only — not configuration or deployment authority
P-H04-128	PR #66 selected input	Owner-selected PR #66 Profile 1 value for Defaults.assetConfigs[GREEN].config.shouldAuctionInstantly.	Defaults.assetConfigs[GREEN].config.shouldAuctionInstantly	P-H04-128	contracts/config/DefaultsRobinHood.vy::Defaults.assetConfigs[GREEN].config.shouldAuctionInstantly	false	false	current human-edited Blueprint/Defaults authority represented in derived ledger	already_accepted_current_authority	PR #66 0f79b626c6ec4788ba43b3132ada9ebec6084f2a; config/robinhood-parameters.json at 5f5d22b7ee78cbb904c4fe3c6e46599c330c4353	exact Git/derived-ledger reconciliation	none	D-H04-22	no	no	DefaultsRobinhood source and derived-ledger synchronization	Preserve current authority; do not re-import PR #66	status=approved; source commit retained for provenance; Evidence only — not configuration or deployment authority
P-H04-129	PR #66 selected input	Owner-selected PR #66 Profile 1 value for Defaults.assetConfigs[GREEN].config.canDeposit.	Defaults.assetConfigs[GREEN].config.canDeposit	P-H04-129	contracts/config/DefaultsRobinHood.vy::Defaults.assetConfigs[GREEN].config.canDeposit	false	false	current human-edited Blueprint/Defaults authority represented in derived ledger	already_accepted_current_authority	PR #66 0f79b626c6ec4788ba43b3132ada9ebec6084f2a; config/robinhood-parameters.json at 5f5d22b7ee78cbb904c4fe3c6e46599c330c4353	exact Git/derived-ledger reconciliation	none	D-H04-22	no	no	DefaultsRobinhood source and derived-ledger synchronization	Preserve current authority; do not re-import PR #66	status=approved; source commit retained for provenance; Evidence only — not configuration or deployment authority
P-H04-130	PR #66 selected input	Owner-selected PR #66 Profile 1 value for Defaults.assetConfigs[GREEN].config.canWithdraw.	Defaults.assetConfigs[GREEN].config.canWithdraw	P-H04-130	contracts/config/DefaultsRobinHood.vy::Defaults.assetConfigs[GREEN].config.canWithdraw	false	false	current human-edited Blueprint/Defaults authority represented in derived ledger	already_accepted_current_authority	PR #66 0f79b626c6ec4788ba43b3132ada9ebec6084f2a; config/robinhood-parameters.json at 5f5d22b7ee78cbb904c4fe3c6e46599c330c4353	exact Git/derived-ledger reconciliation	none	D-H04-22	no	no	DefaultsRobinhood source and derived-ledger synchronization	Preserve current authority; do not re-import PR #66	status=approved; source commit retained for provenance; Evidence only — not configuration or deployment authority
P-H04-131	PR #66 selected input	Owner-selected PR #66 Profile 1 value for Defaults.assetConfigs[GREEN].config.canRedeemCollateral.	Defaults.assetConfigs[GREEN].config.canRedeemCollateral	P-H04-131	contracts/config/DefaultsRobinHood.vy::Defaults.assetConfigs[GREEN].config.canRedeemCollateral	false	false	current human-edited Blueprint/Defaults authority represented in derived ledger	already_accepted_current_authority	PR #66 0f79b626c6ec4788ba43b3132ada9ebec6084f2a; config/robinhood-parameters.json at 5f5d22b7ee78cbb904c4fe3c6e46599c330c4353	exact Git/derived-ledger reconciliation	none	D-H04-22	no	no	DefaultsRobinhood source and derived-ledger synchronization	Preserve current authority; do not re-import PR #66	status=approved; source commit retained for provenance; Evidence only — not configuration or deployment authority
P-H04-132	PR #66 selected input	Owner-selected PR #66 Profile 1 value for Defaults.assetConfigs[GREEN].config.canRedeemInStabPool.	Defaults.assetConfigs[GREEN].config.canRedeemInStabPool	P-H04-132	contracts/config/DefaultsRobinHood.vy::Defaults.assetConfigs[GREEN].config.canRedeemInStabPool	false	false	current human-edited Blueprint/Defaults authority represented in derived ledger	already_accepted_current_authority	PR #66 0f79b626c6ec4788ba43b3132ada9ebec6084f2a; config/robinhood-parameters.json at 5f5d22b7ee78cbb904c4fe3c6e46599c330c4353	exact Git/derived-ledger reconciliation	none	D-H04-22	no	no	DefaultsRobinhood source and derived-ledger synchronization	Preserve current authority; do not re-import PR #66	status=approved; source commit retained for provenance; Evidence only — not configuration or deployment authority
P-H04-133	PR #66 selected input	Owner-selected PR #66 Profile 1 value for Defaults.assetConfigs[GREEN].config.canBuyInAuction.	Defaults.assetConfigs[GREEN].config.canBuyInAuction	P-H04-133	contracts/config/DefaultsRobinHood.vy::Defaults.assetConfigs[GREEN].config.canBuyInAuction	false	false	current human-edited Blueprint/Defaults authority represented in derived ledger	already_accepted_current_authority	PR #66 0f79b626c6ec4788ba43b3132ada9ebec6084f2a; config/robinhood-parameters.json at 5f5d22b7ee78cbb904c4fe3c6e46599c330c4353	exact Git/derived-ledger reconciliation	none	D-H04-22	no	no	DefaultsRobinhood source and derived-ledger synchronization	Preserve current authority; do not re-import PR #66	status=approved; source commit retained for provenance; Evidence only — not configuration or deployment authority
P-H04-134	PR #66 selected input	Owner-selected PR #66 Profile 1 value for Defaults.assetConfigs[GREEN].config.canClaimInStabPool.	Defaults.assetConfigs[GREEN].config.canClaimInStabPool	P-H04-134	contracts/config/DefaultsRobinHood.vy::Defaults.assetConfigs[GREEN].config.canClaimInStabPool	true	true	current human-edited Blueprint/Defaults authority represented in derived ledger	already_accepted_current_authority	PR #66 0f79b626c6ec4788ba43b3132ada9ebec6084f2a; config/robinhood-parameters.json at 5f5d22b7ee78cbb904c4fe3c6e46599c330c4353	exact Git/derived-ledger reconciliation	none	D-H04-22	no	no	DefaultsRobinhood source and derived-ledger synchronization	Preserve current authority; do not re-import PR #66	status=approved; source commit retained for provenance; Evidence only — not configuration or deployment authority
P-H04-135	PR #66 selected input	Owner-selected PR #66 Profile 1 value for Defaults.assetConfigs[GREEN].config.specialStabPoolId.	Defaults.assetConfigs[GREEN].config.specialStabPoolId	P-H04-135	contracts/config/DefaultsRobinHood.vy::Defaults.assetConfigs[GREEN].config.specialStabPoolId	0	0	current human-edited Blueprint/Defaults authority represented in derived ledger	already_accepted_current_authority	PR #66 0f79b626c6ec4788ba43b3132ada9ebec6084f2a; config/robinhood-parameters.json at 5f5d22b7ee78cbb904c4fe3c6e46599c330c4353	exact Git/derived-ledger reconciliation	none	D-H04-22	no	no	DefaultsRobinhood source and derived-ledger synchronization	Preserve current authority; do not re-import PR #66	status=approved; source commit retained for provenance; Evidence only — not configuration or deployment authority
P-H04-136	PR #66 selected input	Owner-selected PR #66 Profile 1 value for Defaults.assetConfigs[GREEN].config.customAuctionParams.hasParams.	Defaults.assetConfigs[GREEN].config.customAuctionParams.hasParams	P-H04-136	contracts/config/DefaultsRobinHood.vy::Defaults.assetConfigs[GREEN].config.customAuctionParams.hasParams	false	false	current human-edited Blueprint/Defaults authority represented in derived ledger	already_accepted_current_authority	PR #66 0f79b626c6ec4788ba43b3132ada9ebec6084f2a; config/robinhood-parameters.json at 5f5d22b7ee78cbb904c4fe3c6e46599c330c4353	exact Git/derived-ledger reconciliation	none	D-H04-22	no	no	DefaultsRobinhood source and derived-ledger synchronization	Preserve current authority; do not re-import PR #66	status=approved; source commit retained for provenance; Evidence only — not configuration or deployment authority
P-H04-137	PR #66 selected input	Owner-selected PR #66 Profile 1 value for Defaults.assetConfigs[GREEN].config.customAuctionParams.startDiscount.	Defaults.assetConfigs[GREEN].config.customAuctionParams.startDiscount	P-H04-137	contracts/config/DefaultsRobinHood.vy::Defaults.assetConfigs[GREEN].config.customAuctionParams.startDiscount	0	0	current human-edited Blueprint/Defaults authority represented in derived ledger	already_accepted_current_authority	PR #66 0f79b626c6ec4788ba43b3132ada9ebec6084f2a; config/robinhood-parameters.json at 5f5d22b7ee78cbb904c4fe3c6e46599c330c4353	exact Git/derived-ledger reconciliation	none	D-H04-22	no	no	DefaultsRobinhood source and derived-ledger synchronization	Preserve current authority; do not re-import PR #66	status=approved; source commit retained for provenance; Evidence only — not configuration or deployment authority
P-H04-138	PR #66 selected input	Owner-selected PR #66 Profile 1 value for Defaults.assetConfigs[GREEN].config.customAuctionParams.maxDiscount.	Defaults.assetConfigs[GREEN].config.customAuctionParams.maxDiscount	P-H04-138	contracts/config/DefaultsRobinHood.vy::Defaults.assetConfigs[GREEN].config.customAuctionParams.maxDiscount	0	0	current human-edited Blueprint/Defaults authority represented in derived ledger	already_accepted_current_authority	PR #66 0f79b626c6ec4788ba43b3132ada9ebec6084f2a; config/robinhood-parameters.json at 5f5d22b7ee78cbb904c4fe3c6e46599c330c4353	exact Git/derived-ledger reconciliation	none	D-H04-22	no	no	DefaultsRobinhood source and derived-ledger synchronization	Preserve current authority; do not re-import PR #66	status=approved; source commit retained for provenance; Evidence only — not configuration or deployment authority
P-H04-139	PR #66 selected input	Owner-selected PR #66 Profile 1 value for Defaults.assetConfigs[GREEN].config.customAuctionParams.delay.	Defaults.assetConfigs[GREEN].config.customAuctionParams.delay	P-H04-139	contracts/config/DefaultsRobinHood.vy::Defaults.assetConfigs[GREEN].config.customAuctionParams.delay	0	0	current human-edited Blueprint/Defaults authority represented in derived ledger	already_accepted_current_authority	PR #66 0f79b626c6ec4788ba43b3132ada9ebec6084f2a; config/robinhood-parameters.json at 5f5d22b7ee78cbb904c4fe3c6e46599c330c4353	exact Git/derived-ledger reconciliation	none	D-H04-22	no	no	DefaultsRobinhood source and derived-ledger synchronization	Preserve current authority; do not re-import PR #66	status=approved; source commit retained for provenance; Evidence only — not configuration or deployment authority
P-H04-140	PR #66 selected input	Owner-selected PR #66 Profile 1 value for Defaults.assetConfigs[GREEN].config.customAuctionParams.duration.	Defaults.assetConfigs[GREEN].config.customAuctionParams.duration	P-H04-140	contracts/config/DefaultsRobinHood.vy::Defaults.assetConfigs[GREEN].config.customAuctionParams.duration	0	0	current human-edited Blueprint/Defaults authority represented in derived ledger	already_accepted_current_authority	PR #66 0f79b626c6ec4788ba43b3132ada9ebec6084f2a; config/robinhood-parameters.json at 5f5d22b7ee78cbb904c4fe3c6e46599c330c4353	exact Git/derived-ledger reconciliation	none	D-H04-22	no	no	DefaultsRobinhood source and derived-ledger synchronization	Preserve current authority; do not re-import PR #66	status=approved; source commit retained for provenance; Evidence only — not configuration or deployment authority
P-H04-141	PR #66 selected input	Owner-selected PR #66 Profile 1 value for Defaults.assetConfigs[GREEN].config.whitelist.	Defaults.assetConfigs[GREEN].config.whitelist	P-H04-141	contracts/config/DefaultsRobinHood.vy::Defaults.assetConfigs[GREEN].config.whitelist	"""empty(address)"""	"""empty(address)"""	current human-edited Blueprint/Defaults authority represented in derived ledger	already_accepted_current_authority	PR #66 0f79b626c6ec4788ba43b3132ada9ebec6084f2a; config/robinhood-parameters.json at 5f5d22b7ee78cbb904c4fe3c6e46599c330c4353	exact Git/derived-ledger reconciliation	none	D-H04-22	no	no	DefaultsRobinhood source and derived-ledger synchronization	Preserve current authority; do not re-import PR #66	status=approved; source commit retained for provenance; Evidence only — not configuration or deployment authority
P-H04-142	PR #66 selected input	Owner-selected PR #66 Profile 1 value for Defaults.assetConfigs[GREEN].config.isNft.	Defaults.assetConfigs[GREEN].config.isNft	P-H04-142	contracts/config/DefaultsRobinHood.vy::Defaults.assetConfigs[GREEN].config.isNft	false	false	current human-edited Blueprint/Defaults authority represented in derived ledger	already_accepted_current_authority	PR #66 0f79b626c6ec4788ba43b3132ada9ebec6084f2a; config/robinhood-parameters.json at 5f5d22b7ee78cbb904c4fe3c6e46599c330c4353	exact Git/derived-ledger reconciliation	none	D-H04-22	no	no	DefaultsRobinhood source and derived-ledger synchronization	Preserve current authority; do not re-import PR #66	status=approved; source commit retained for provenance; Evidence only — not configuration or deployment authority
P-H04-143	PR #66 selected input	Owner-selected PR #66 Profile 1 value for Defaults.assetConfigs[RIPE].asset.	Defaults.assetConfigs[RIPE].asset	P-H04-143	contracts/config/DefaultsRobinHood.vy::Defaults.assetConfigs[RIPE].asset	"{""kind"":""typed_null"",""reason"":""The PR #66 RIPE immutable is deployment-produced and remains unresolved.""}"	"{""kind"":""symbolic_binding"",""name"":""RIPE_TOKEN""}"	deployment-produced identity; unresolved	deployment_produced_unresolved	PR #66 0f79b626c6ec4788ba43b3132ada9ebec6084f2a; config/robinhood-parameters.json at 5f5d22b7ee78cbb904c4fe3c6e46599c330c4353	exact Git/derived-ledger reconciliation	address:RIPE_TOKEN:unresolved	D-H04-22	no	yes	DefaultsRobinhood source and derived-ledger synchronization	Produce and bind through the authorized deployment lifecycle	status=blocked; source commit retained for provenance; Evidence only — not configuration or deployment authority
P-H04-144	PR #66 selected input	Owner-selected PR #66 Profile 1 value for Defaults.assetConfigs[RIPE].config.vaultIds.	Defaults.assetConfigs[RIPE].config.vaultIds	P-H04-144	contracts/config/DefaultsRobinHood.vy::Defaults.assetConfigs[RIPE].config.vaultIds	"""[2]"""	[2]	current human-edited Blueprint/Defaults authority represented in derived ledger	already_accepted_current_authority	PR #66 0f79b626c6ec4788ba43b3132ada9ebec6084f2a; config/robinhood-parameters.json at 5f5d22b7ee78cbb904c4fe3c6e46599c330c4353	exact Git/derived-ledger reconciliation	none	D-H04-22	no	no	DefaultsRobinhood source and derived-ledger synchronization	Preserve current authority; do not re-import PR #66	status=approved; source commit retained for provenance; Evidence only — not configuration or deployment authority
P-H04-145	PR #66 selected input	Owner-selected PR #66 Profile 1 value for Defaults.assetConfigs[RIPE].config.stakersPointsAlloc.	Defaults.assetConfigs[RIPE].config.stakersPointsAlloc	P-H04-145	contracts/config/DefaultsRobinHood.vy::Defaults.assetConfigs[RIPE].config.stakersPointsAlloc	1500	1500	current human-edited Blueprint/Defaults authority represented in derived ledger	already_accepted_current_authority	PR #66 0f79b626c6ec4788ba43b3132ada9ebec6084f2a; config/robinhood-parameters.json at 5f5d22b7ee78cbb904c4fe3c6e46599c330c4353	exact Git/derived-ledger reconciliation	none	D-H04-22	no	no	DefaultsRobinhood source and derived-ledger synchronization	Preserve current authority; do not re-import PR #66	status=approved; source commit retained for provenance; Evidence only — not configuration or deployment authority
P-H04-146	PR #66 selected input	Owner-selected PR #66 Profile 1 value for Defaults.assetConfigs[RIPE].config.voterPointsAlloc.	Defaults.assetConfigs[RIPE].config.voterPointsAlloc	P-H04-146	contracts/config/DefaultsRobinHood.vy::Defaults.assetConfigs[RIPE].config.voterPointsAlloc	0	0	current human-edited Blueprint/Defaults authority represented in derived ledger	already_accepted_current_authority	PR #66 0f79b626c6ec4788ba43b3132ada9ebec6084f2a; config/robinhood-parameters.json at 5f5d22b7ee78cbb904c4fe3c6e46599c330c4353	exact Git/derived-ledger reconciliation	none	D-H04-22	no	no	DefaultsRobinhood source and derived-ledger synchronization	Preserve current authority; do not re-import PR #66	status=approved; source commit retained for provenance; Evidence only — not configuration or deployment authority
P-H04-147	PR #66 selected input	Owner-selected PR #66 Profile 1 value for Defaults.assetConfigs[RIPE].config.perUserDepositLimit.	Defaults.assetConfigs[RIPE].config.perUserDepositLimit	P-H04-147	contracts/config/DefaultsRobinHood.vy::Defaults.assetConfigs[RIPE].config.perUserDepositLimit	"""100000000000000000000000000"""	100000000000000000000000000	current human-edited Blueprint/Defaults authority represented in derived ledger	already_accepted_current_authority	PR #66 0f79b626c6ec4788ba43b3132ada9ebec6084f2a; config/robinhood-parameters.json at 5f5d22b7ee78cbb904c4fe3c6e46599c330c4353	exact Git/derived-ledger reconciliation	none	D-H04-22	no	no	DefaultsRobinhood source and derived-ledger synchronization	Preserve current authority; do not re-import PR #66	status=approved; source commit retained for provenance; Evidence only — not configuration or deployment authority
P-H04-148	PR #66 selected input	Owner-selected PR #66 Profile 1 value for Defaults.assetConfigs[RIPE].config.globalDepositLimit.	Defaults.assetConfigs[RIPE].config.globalDepositLimit	P-H04-148	contracts/config/DefaultsRobinHood.vy::Defaults.assetConfigs[RIPE].config.globalDepositLimit	"""1000000000000000000000000000"""	1000000000000000000000000000	current human-edited Blueprint/Defaults authority represented in derived ledger	already_accepted_current_authority	PR #66 0f79b626c6ec4788ba43b3132ada9ebec6084f2a; config/robinhood-parameters.json at 5f5d22b7ee78cbb904c4fe3c6e46599c330c4353	exact Git/derived-ledger reconciliation	none	D-H04-22	no	no	DefaultsRobinhood source and derived-ledger synchronization	Preserve current authority; do not re-import PR #66	status=approved; source commit retained for provenance; Evidence only — not configuration or deployment authority
P-H04-149	PR #66 selected input	Owner-selected PR #66 Profile 1 value for Defaults.assetConfigs[RIPE].config.minDepositBalance.	Defaults.assetConfigs[RIPE].config.minDepositBalance	P-H04-149	contracts/config/DefaultsRobinHood.vy::Defaults.assetConfigs[RIPE].config.minDepositBalance	"""100000000000000"""	100000000000000	current human-edited Blueprint/Defaults authority represented in derived ledger	already_accepted_current_authority	PR #66 0f79b626c6ec4788ba43b3132ada9ebec6084f2a; config/robinhood-parameters.json at 5f5d22b7ee78cbb904c4fe3c6e46599c330c4353	exact Git/derived-ledger reconciliation	none	D-H04-22	no	no	DefaultsRobinhood source and derived-ledger synchronization	Preserve current authority; do not re-import PR #66	status=approved; source commit retained for provenance; Evidence only — not configuration or deployment authority
P-H04-150	PR #66 selected input	Owner-selected PR #66 Profile 1 value for Defaults.assetConfigs[RIPE].config.debtTerms.ltv.	Defaults.assetConfigs[RIPE].config.debtTerms.ltv	P-H04-150	contracts/config/DefaultsRobinHood.vy::Defaults.assetConfigs[RIPE].config.debtTerms.ltv	0	0	current human-edited Blueprint/Defaults authority represented in derived ledger	already_accepted_current_authority	PR #66 0f79b626c6ec4788ba43b3132ada9ebec6084f2a; config/robinhood-parameters.json at 5f5d22b7ee78cbb904c4fe3c6e46599c330c4353	exact Git/derived-ledger reconciliation	none	D-H04-22	no	no	DefaultsRobinhood source and derived-ledger synchronization	Preserve current authority; do not re-import PR #66	status=approved; source commit retained for provenance; Evidence only — not configuration or deployment authority
P-H04-151	PR #66 selected input	Owner-selected PR #66 Profile 1 value for Defaults.assetConfigs[RIPE].config.debtTerms.redemptionThreshold.	Defaults.assetConfigs[RIPE].config.debtTerms.redemptionThreshold	P-H04-151	contracts/config/DefaultsRobinHood.vy::Defaults.assetConfigs[RIPE].config.debtTerms.redemptionThreshold	0	0	current human-edited Blueprint/Defaults authority represented in derived ledger	already_accepted_current_authority	PR #66 0f79b626c6ec4788ba43b3132ada9ebec6084f2a; config/robinhood-parameters.json at 5f5d22b7ee78cbb904c4fe3c6e46599c330c4353	exact Git/derived-ledger reconciliation	none	D-H04-22	no	no	DefaultsRobinhood source and derived-ledger synchronization	Preserve current authority; do not re-import PR #66	status=approved; source commit retained for provenance; Evidence only — not configuration or deployment authority
P-H04-152	PR #66 selected input	Owner-selected PR #66 Profile 1 value for Defaults.assetConfigs[RIPE].config.debtTerms.liqThreshold.	Defaults.assetConfigs[RIPE].config.debtTerms.liqThreshold	P-H04-152	contracts/config/DefaultsRobinHood.vy::Defaults.assetConfigs[RIPE].config.debtTerms.liqThreshold	0	0	current human-edited Blueprint/Defaults authority represented in derived ledger	already_accepted_current_authority	PR #66 0f79b626c6ec4788ba43b3132ada9ebec6084f2a; config/robinhood-parameters.json at 5f5d22b7ee78cbb904c4fe3c6e46599c330c4353	exact Git/derived-ledger reconciliation	none	D-H04-22	no	no	DefaultsRobinhood source and derived-ledger synchronization	Preserve current authority; do not re-import PR #66	status=approved; source commit retained for provenance; Evidence only — not configuration or deployment authority
P-H04-153	PR #66 selected input	Owner-selected PR #66 Profile 1 value for Defaults.assetConfigs[RIPE].config.debtTerms.liqFee.	Defaults.assetConfigs[RIPE].config.debtTerms.liqFee	P-H04-153	contracts/config/DefaultsRobinHood.vy::Defaults.assetConfigs[RIPE].config.debtTerms.liqFee	0	0	current human-edited Blueprint/Defaults authority represented in derived ledger	already_accepted_current_authority	PR #66 0f79b626c6ec4788ba43b3132ada9ebec6084f2a; config/robinhood-parameters.json at 5f5d22b7ee78cbb904c4fe3c6e46599c330c4353	exact Git/derived-ledger reconciliation	none	D-H04-22	no	no	DefaultsRobinhood source and derived-ledger synchronization	Preserve current authority; do not re-import PR #66	status=approved; source commit retained for provenance; Evidence only — not configuration or deployment authority
P-H04-154	PR #66 selected input	Owner-selected PR #66 Profile 1 value for Defaults.assetConfigs[RIPE].config.debtTerms.borrowRate.	Defaults.assetConfigs[RIPE].config.debtTerms.borrowRate	P-H04-154	contracts/config/DefaultsRobinHood.vy::Defaults.assetConfigs[RIPE].config.debtTerms.borrowRate	0	0	current human-edited Blueprint/Defaults authority represented in derived ledger	already_accepted_current_authority	PR #66 0f79b626c6ec4788ba43b3132ada9ebec6084f2a; config/robinhood-parameters.json at 5f5d22b7ee78cbb904c4fe3c6e46599c330c4353	exact Git/derived-ledger reconciliation	none	D-H04-22	no	no	DefaultsRobinhood source and derived-ledger synchronization	Preserve current authority; do not re-import PR #66	status=approved; source commit retained for provenance; Evidence only — not configuration or deployment authority
P-H04-155	PR #66 selected input	Owner-selected PR #66 Profile 1 value for Defaults.assetConfigs[RIPE].config.debtTerms.daowry.	Defaults.assetConfigs[RIPE].config.debtTerms.daowry	P-H04-155	contracts/config/DefaultsRobinHood.vy::Defaults.assetConfigs[RIPE].config.debtTerms.daowry	0	0	current human-edited Blueprint/Defaults authority represented in derived ledger	already_accepted_current_authority	PR #66 0f79b626c6ec4788ba43b3132ada9ebec6084f2a; config/robinhood-parameters.json at 5f5d22b7ee78cbb904c4fe3c6e46599c330c4353	exact Git/derived-ledger reconciliation	none	D-H04-22	no	no	DefaultsRobinhood source and derived-ledger synchronization	Preserve current authority; do not re-import PR #66	status=approved; source commit retained for provenance; Evidence only — not configuration or deployment authority
P-H04-156	PR #66 selected input	Owner-selected PR #66 Profile 1 value for Defaults.assetConfigs[RIPE].config.shouldBurnAsPayment.	Defaults.assetConfigs[RIPE].config.shouldBurnAsPayment	P-H04-156	contracts/config/DefaultsRobinHood.vy::Defaults.assetConfigs[RIPE].config.shouldBurnAsPayment	false	false	current human-edited Blueprint/Defaults authority represented in derived ledger	already_accepted_current_authority	PR #66 0f79b626c6ec4788ba43b3132ada9ebec6084f2a; config/robinhood-parameters.json at 5f5d22b7ee78cbb904c4fe3c6e46599c330c4353	exact Git/derived-ledger reconciliation	none	D-H04-22	no	no	DefaultsRobinhood source and derived-ledger synchronization	Preserve current authority; do not re-import PR #66	status=approved; source commit retained for provenance; Evidence only — not configuration or deployment authority
P-H04-157	PR #66 selected input	Owner-selected PR #66 Profile 1 value for Defaults.assetConfigs[RIPE].config.shouldTransferToEndaoment.	Defaults.assetConfigs[RIPE].config.shouldTransferToEndaoment	P-H04-157	contracts/config/DefaultsRobinHood.vy::Defaults.assetConfigs[RIPE].config.shouldTransferToEndaoment	false	false	current human-edited Blueprint/Defaults authority represented in derived ledger	already_accepted_current_authority	PR #66 0f79b626c6ec4788ba43b3132ada9ebec6084f2a; config/robinhood-parameters.json at 5f5d22b7ee78cbb904c4fe3c6e46599c330c4353	exact Git/derived-ledger reconciliation	none	D-H04-22	no	no	DefaultsRobinhood source and derived-ledger synchronization	Preserve current authority; do not re-import PR #66	status=approved; source commit retained for provenance; Evidence only — not configuration or deployment authority
P-H04-158	PR #66 selected input	Owner-selected PR #66 Profile 1 value for Defaults.assetConfigs[RIPE].config.shouldSwapInStabPools.	Defaults.assetConfigs[RIPE].config.shouldSwapInStabPools	P-H04-158	contracts/config/DefaultsRobinHood.vy::Defaults.assetConfigs[RIPE].config.shouldSwapInStabPools	false	false	current human-edited Blueprint/Defaults authority represented in derived ledger	already_accepted_current_authority	PR #66 0f79b626c6ec4788ba43b3132ada9ebec6084f2a; config/robinhood-parameters.json at 5f5d22b7ee78cbb904c4fe3c6e46599c330c4353	exact Git/derived-ledger reconciliation	none	D-H04-22	no	no	DefaultsRobinhood source and derived-ledger synchronization	Preserve current authority; do not re-import PR #66	status=approved; source commit retained for provenance; Evidence only — not configuration or deployment authority
P-H04-159	PR #66 selected input	Owner-selected PR #66 Profile 1 value for Defaults.assetConfigs[RIPE].config.shouldAuctionInstantly.	Defaults.assetConfigs[RIPE].config.shouldAuctionInstantly	P-H04-159	contracts/config/DefaultsRobinHood.vy::Defaults.assetConfigs[RIPE].config.shouldAuctionInstantly	false	false	current human-edited Blueprint/Defaults authority represented in derived ledger	already_accepted_current_authority	PR #66 0f79b626c6ec4788ba43b3132ada9ebec6084f2a; config/robinhood-parameters.json at 5f5d22b7ee78cbb904c4fe3c6e46599c330c4353	exact Git/derived-ledger reconciliation	none	D-H04-22	no	no	DefaultsRobinhood source and derived-ledger synchronization	Preserve current authority; do not re-import PR #66	status=approved; source commit retained for provenance; Evidence only — not configuration or deployment authority
P-H04-160	PR #66 selected input	Owner-selected PR #66 Profile 1 value for Defaults.assetConfigs[RIPE].config.canDeposit.	Defaults.assetConfigs[RIPE].config.canDeposit	P-H04-160	contracts/config/DefaultsRobinHood.vy::Defaults.assetConfigs[RIPE].config.canDeposit	true	true	current human-edited Blueprint/Defaults authority represented in derived ledger	already_accepted_current_authority	PR #66 0f79b626c6ec4788ba43b3132ada9ebec6084f2a; config/robinhood-parameters.json at 5f5d22b7ee78cbb904c4fe3c6e46599c330c4353	exact Git/derived-ledger reconciliation	none	D-H04-22	no	no	DefaultsRobinhood source and derived-ledger synchronization	Preserve current authority; do not re-import PR #66	status=approved; source commit retained for provenance; Evidence only — not configuration or deployment authority
P-H04-161	PR #66 selected input	Owner-selected PR #66 Profile 1 value for Defaults.assetConfigs[RIPE].config.canWithdraw.	Defaults.assetConfigs[RIPE].config.canWithdraw	P-H04-161	contracts/config/DefaultsRobinHood.vy::Defaults.assetConfigs[RIPE].config.canWithdraw	true	true	current human-edited Blueprint/Defaults authority represented in derived ledger	already_accepted_current_authority	PR #66 0f79b626c6ec4788ba43b3132ada9ebec6084f2a; config/robinhood-parameters.json at 5f5d22b7ee78cbb904c4fe3c6e46599c330c4353	exact Git/derived-ledger reconciliation	none	D-H04-22	no	no	DefaultsRobinhood source and derived-ledger synchronization	Preserve current authority; do not re-import PR #66	status=approved; source commit retained for provenance; Evidence only — not configuration or deployment authority
P-H04-162	PR #66 selected input	Owner-selected PR #66 Profile 1 value for Defaults.assetConfigs[RIPE].config.canRedeemCollateral.	Defaults.assetConfigs[RIPE].config.canRedeemCollateral	P-H04-162	contracts/config/DefaultsRobinHood.vy::Defaults.assetConfigs[RIPE].config.canRedeemCollateral	false	false	current human-edited Blueprint/Defaults authority represented in derived ledger	already_accepted_current_authority	PR #66 0f79b626c6ec4788ba43b3132ada9ebec6084f2a; config/robinhood-parameters.json at 5f5d22b7ee78cbb904c4fe3c6e46599c330c4353	exact Git/derived-ledger reconciliation	none	D-H04-22	no	no	DefaultsRobinhood source and derived-ledger synchronization	Preserve current authority; do not re-import PR #66	status=approved; source commit retained for provenance; Evidence only — not configuration or deployment authority
P-H04-163	PR #66 selected input	Owner-selected PR #66 Profile 1 value for Defaults.assetConfigs[RIPE].config.canRedeemInStabPool.	Defaults.assetConfigs[RIPE].config.canRedeemInStabPool	P-H04-163	contracts/config/DefaultsRobinHood.vy::Defaults.assetConfigs[RIPE].config.canRedeemInStabPool	true	true	current human-edited Blueprint/Defaults authority represented in derived ledger	already_accepted_current_authority	PR #66 0f79b626c6ec4788ba43b3132ada9ebec6084f2a; config/robinhood-parameters.json at 5f5d22b7ee78cbb904c4fe3c6e46599c330c4353	exact Git/derived-ledger reconciliation	none	D-H04-22	no	no	DefaultsRobinhood source and derived-ledger synchronization	Preserve current authority; do not re-import PR #66	status=approved; source commit retained for provenance; Evidence only — not configuration or deployment authority
P-H04-164	PR #66 selected input	Owner-selected PR #66 Profile 1 value for Defaults.assetConfigs[RIPE].config.canBuyInAuction.	Defaults.assetConfigs[RIPE].config.canBuyInAuction	P-H04-164	contracts/config/DefaultsRobinHood.vy::Defaults.assetConfigs[RIPE].config.canBuyInAuction	true	true	current human-edited Blueprint/Defaults authority represented in derived ledger	already_accepted_current_authority	PR #66 0f79b626c6ec4788ba43b3132ada9ebec6084f2a; config/robinhood-parameters.json at 5f5d22b7ee78cbb904c4fe3c6e46599c330c4353	exact Git/derived-ledger reconciliation	none	D-H04-22	no	no	DefaultsRobinhood source and derived-ledger synchronization	Preserve current authority; do not re-import PR #66	status=approved; source commit retained for provenance; Evidence only — not configuration or deployment authority
P-H04-165	PR #66 selected input	Owner-selected PR #66 Profile 1 value for Defaults.assetConfigs[RIPE].config.canClaimInStabPool.	Defaults.assetConfigs[RIPE].config.canClaimInStabPool	P-H04-165	contracts/config/DefaultsRobinHood.vy::Defaults.assetConfigs[RIPE].config.canClaimInStabPool	true	true	current human-edited Blueprint/Defaults authority represented in derived ledger	already_accepted_current_authority	PR #66 0f79b626c6ec4788ba43b3132ada9ebec6084f2a; config/robinhood-parameters.json at 5f5d22b7ee78cbb904c4fe3c6e46599c330c4353	exact Git/derived-ledger reconciliation	none	D-H04-22	no	no	DefaultsRobinhood source and derived-ledger synchronization	Preserve current authority; do not re-import PR #66	status=approved; source commit retained for provenance; Evidence only — not configuration or deployment authority
P-H04-166	PR #66 selected input	Owner-selected PR #66 Profile 1 value for Defaults.assetConfigs[RIPE].config.specialStabPoolId.	Defaults.assetConfigs[RIPE].config.specialStabPoolId	P-H04-166	contracts/config/DefaultsRobinHood.vy::Defaults.assetConfigs[RIPE].config.specialStabPoolId	0	0	current human-edited Blueprint/Defaults authority represented in derived ledger	already_accepted_current_authority	PR #66 0f79b626c6ec4788ba43b3132ada9ebec6084f2a; config/robinhood-parameters.json at 5f5d22b7ee78cbb904c4fe3c6e46599c330c4353	exact Git/derived-ledger reconciliation	none	D-H04-22	no	no	DefaultsRobinhood source and derived-ledger synchronization	Preserve current authority; do not re-import PR #66	status=approved; source commit retained for provenance; Evidence only — not configuration or deployment authority
P-H04-167	PR #66 selected input	Owner-selected PR #66 Profile 1 value for Defaults.assetConfigs[RIPE].config.customAuctionParams.hasParams.	Defaults.assetConfigs[RIPE].config.customAuctionParams.hasParams	P-H04-167	contracts/config/DefaultsRobinHood.vy::Defaults.assetConfigs[RIPE].config.customAuctionParams.hasParams	false	false	current human-edited Blueprint/Defaults authority represented in derived ledger	already_accepted_current_authority	PR #66 0f79b626c6ec4788ba43b3132ada9ebec6084f2a; config/robinhood-parameters.json at 5f5d22b7ee78cbb904c4fe3c6e46599c330c4353	exact Git/derived-ledger reconciliation	none	D-H04-22	no	no	DefaultsRobinhood source and derived-ledger synchronization	Preserve current authority; do not re-import PR #66	status=approved; source commit retained for provenance; Evidence only — not configuration or deployment authority
P-H04-168	PR #66 selected input	Owner-selected PR #66 Profile 1 value for Defaults.assetConfigs[RIPE].config.customAuctionParams.startDiscount.	Defaults.assetConfigs[RIPE].config.customAuctionParams.startDiscount	P-H04-168	contracts/config/DefaultsRobinHood.vy::Defaults.assetConfigs[RIPE].config.customAuctionParams.startDiscount	0	0	current human-edited Blueprint/Defaults authority represented in derived ledger	already_accepted_current_authority	PR #66 0f79b626c6ec4788ba43b3132ada9ebec6084f2a; config/robinhood-parameters.json at 5f5d22b7ee78cbb904c4fe3c6e46599c330c4353	exact Git/derived-ledger reconciliation	none	D-H04-22	no	no	DefaultsRobinhood source and derived-ledger synchronization	Preserve current authority; do not re-import PR #66	status=approved; source commit retained for provenance; Evidence only — not configuration or deployment authority
P-H04-169	PR #66 selected input	Owner-selected PR #66 Profile 1 value for Defaults.assetConfigs[RIPE].config.customAuctionParams.maxDiscount.	Defaults.assetConfigs[RIPE].config.customAuctionParams.maxDiscount	P-H04-169	contracts/config/DefaultsRobinHood.vy::Defaults.assetConfigs[RIPE].config.customAuctionParams.maxDiscount	0	0	current human-edited Blueprint/Defaults authority represented in derived ledger	already_accepted_current_authority	PR #66 0f79b626c6ec4788ba43b3132ada9ebec6084f2a; config/robinhood-parameters.json at 5f5d22b7ee78cbb904c4fe3c6e46599c330c4353	exact Git/derived-ledger reconciliation	none	D-H04-22	no	no	DefaultsRobinhood source and derived-ledger synchronization	Preserve current authority; do not re-import PR #66	status=approved; source commit retained for provenance; Evidence only — not configuration or deployment authority
P-H04-170	PR #66 selected input	Owner-selected PR #66 Profile 1 value for Defaults.assetConfigs[RIPE].config.customAuctionParams.delay.	Defaults.assetConfigs[RIPE].config.customAuctionParams.delay	P-H04-170	contracts/config/DefaultsRobinHood.vy::Defaults.assetConfigs[RIPE].config.customAuctionParams.delay	0	0	current human-edited Blueprint/Defaults authority represented in derived ledger	already_accepted_current_authority	PR #66 0f79b626c6ec4788ba43b3132ada9ebec6084f2a; config/robinhood-parameters.json at 5f5d22b7ee78cbb904c4fe3c6e46599c330c4353	exact Git/derived-ledger reconciliation	none	D-H04-22	no	no	DefaultsRobinhood source and derived-ledger synchronization	Preserve current authority; do not re-import PR #66	status=approved; source commit retained for provenance; Evidence only — not configuration or deployment authority
P-H04-171	PR #66 selected input	Owner-selected PR #66 Profile 1 value for Defaults.assetConfigs[RIPE].config.customAuctionParams.duration.	Defaults.assetConfigs[RIPE].config.customAuctionParams.duration	P-H04-171	contracts/config/DefaultsRobinHood.vy::Defaults.assetConfigs[RIPE].config.customAuctionParams.duration	0	0	current human-edited Blueprint/Defaults authority represented in derived ledger	already_accepted_current_authority	PR #66 0f79b626c6ec4788ba43b3132ada9ebec6084f2a; config/robinhood-parameters.json at 5f5d22b7ee78cbb904c4fe3c6e46599c330c4353	exact Git/derived-ledger reconciliation	none	D-H04-22	no	no	DefaultsRobinhood source and derived-ledger synchronization	Preserve current authority; do not re-import PR #66	status=approved; source commit retained for provenance; Evidence only — not configuration or deployment authority
P-H04-172	PR #66 selected input	Owner-selected PR #66 Profile 1 value for Defaults.assetConfigs[RIPE].config.whitelist.	Defaults.assetConfigs[RIPE].config.whitelist	P-H04-172	contracts/config/DefaultsRobinHood.vy::Defaults.assetConfigs[RIPE].config.whitelist	"""empty(address)"""	"""empty(address)"""	current human-edited Blueprint/Defaults authority represented in derived ledger	already_accepted_current_authority	PR #66 0f79b626c6ec4788ba43b3132ada9ebec6084f2a; config/robinhood-parameters.json at 5f5d22b7ee78cbb904c4fe3c6e46599c330c4353	exact Git/derived-ledger reconciliation	none	D-H04-22	no	no	DefaultsRobinhood source and derived-ledger synchronization	Preserve current authority; do not re-import PR #66	status=approved; source commit retained for provenance; Evidence only — not configuration or deployment authority
P-H04-173	PR #66 selected input	Owner-selected PR #66 Profile 1 value for Defaults.assetConfigs[RIPE].config.isNft.	Defaults.assetConfigs[RIPE].config.isNft	P-H04-173	contracts/config/DefaultsRobinHood.vy::Defaults.assetConfigs[RIPE].config.isNft	false	false	current human-edited Blueprint/Defaults authority represented in derived ledger	already_accepted_current_authority	PR #66 0f79b626c6ec4788ba43b3132ada9ebec6084f2a; config/robinhood-parameters.json at 5f5d22b7ee78cbb904c4fe3c6e46599c330c4353	exact Git/derived-ledger reconciliation	none	D-H04-22	no	no	DefaultsRobinhood source and derived-ledger synchronization	Preserve current authority; do not re-import PR #66	status=approved; source commit retained for provenance; Evidence only — not configuration or deployment authority
P-H04-174	PR #66 selected input	Owner-selected PR #66 Profile 1 value for Defaults.assetConfigs[SGREEN].asset.	Defaults.assetConfigs[SGREEN].asset	P-H04-174	contracts/config/DefaultsRobinHood.vy::Defaults.assetConfigs[SGREEN].asset	"{""kind"":""typed_null"",""reason"":""The PR #66 SGREEN immutable is deployment-produced and remains unresolved.""}"	"{""kind"":""symbolic_binding"",""name"":""SGREEN_TOKEN""}"	deployment-produced identity; unresolved	deployment_produced_unresolved	PR #66 0f79b626c6ec4788ba43b3132ada9ebec6084f2a; config/robinhood-parameters.json at 5f5d22b7ee78cbb904c4fe3c6e46599c330c4353	exact Git/derived-ledger reconciliation	address:SGREEN_TOKEN:unresolved	D-H04-22	no	yes	DefaultsRobinhood source and derived-ledger synchronization	Produce and bind through the authorized deployment lifecycle	status=blocked; source commit retained for provenance; Evidence only — not configuration or deployment authority
P-H04-175	PR #66 selected input	Owner-selected PR #66 Profile 1 value for Defaults.assetConfigs[SGREEN].config.vaultIds.	Defaults.assetConfigs[SGREEN].config.vaultIds	P-H04-175	contracts/config/DefaultsRobinHood.vy::Defaults.assetConfigs[SGREEN].config.vaultIds	"""[1]"""	[1]	current human-edited Blueprint/Defaults authority represented in derived ledger	already_accepted_current_authority	PR #66 0f79b626c6ec4788ba43b3132ada9ebec6084f2a; config/robinhood-parameters.json at 5f5d22b7ee78cbb904c4fe3c6e46599c330c4353	exact Git/derived-ledger reconciliation	none	D-H04-22	no	no	DefaultsRobinhood source and derived-ledger synchronization	Preserve current authority; do not re-import PR #66	status=approved; source commit retained for provenance; Evidence only — not configuration or deployment authority
P-H04-176	PR #66 selected input	Owner-selected PR #66 Profile 1 value for Defaults.assetConfigs[SGREEN].config.stakersPointsAlloc.	Defaults.assetConfigs[SGREEN].config.stakersPointsAlloc	P-H04-176	contracts/config/DefaultsRobinHood.vy::Defaults.assetConfigs[SGREEN].config.stakersPointsAlloc	1500	1500	current human-edited Blueprint/Defaults authority represented in derived ledger	already_accepted_current_authority	PR #66 0f79b626c6ec4788ba43b3132ada9ebec6084f2a; config/robinhood-parameters.json at 5f5d22b7ee78cbb904c4fe3c6e46599c330c4353	exact Git/derived-ledger reconciliation	none	D-H04-22	no	no	DefaultsRobinhood source and derived-ledger synchronization	Preserve current authority; do not re-import PR #66	status=approved; source commit retained for provenance; Evidence only — not configuration or deployment authority
P-H04-177	PR #66 selected input	Owner-selected PR #66 Profile 1 value for Defaults.assetConfigs[SGREEN].config.voterPointsAlloc.	Defaults.assetConfigs[SGREEN].config.voterPointsAlloc	P-H04-177	contracts/config/DefaultsRobinHood.vy::Defaults.assetConfigs[SGREEN].config.voterPointsAlloc	0	0	current human-edited Blueprint/Defaults authority represented in derived ledger	already_accepted_current_authority	PR #66 0f79b626c6ec4788ba43b3132ada9ebec6084f2a; config/robinhood-parameters.json at 5f5d22b7ee78cbb904c4fe3c6e46599c330c4353	exact Git/derived-ledger reconciliation	none	D-H04-22	no	no	DefaultsRobinhood source and derived-ledger synchronization	Preserve current authority; do not re-import PR #66	status=approved; source commit retained for provenance; Evidence only — not configuration or deployment authority
P-H04-178	PR #66 selected input	Owner-selected PR #66 Profile 1 value for Defaults.assetConfigs[SGREEN].config.perUserDepositLimit.	Defaults.assetConfigs[SGREEN].config.perUserDepositLimit	P-H04-178	contracts/config/DefaultsRobinHood.vy::Defaults.assetConfigs[SGREEN].config.perUserDepositLimit	"""100000000000000000000000000"""	100000000000000000000000000	current human-edited Blueprint/Defaults authority represented in derived ledger	already_accepted_current_authority	PR #66 0f79b626c6ec4788ba43b3132ada9ebec6084f2a; config/robinhood-parameters.json at 5f5d22b7ee78cbb904c4fe3c6e46599c330c4353	exact Git/derived-ledger reconciliation	none	D-H04-22	no	no	DefaultsRobinhood source and derived-ledger synchronization	Preserve current authority; do not re-import PR #66	status=approved; source commit retained for provenance; Evidence only — not configuration or deployment authority
P-H04-179	PR #66 selected input	Owner-selected PR #66 Profile 1 value for Defaults.assetConfigs[SGREEN].config.globalDepositLimit.	Defaults.assetConfigs[SGREEN].config.globalDepositLimit	P-H04-179	contracts/config/DefaultsRobinHood.vy::Defaults.assetConfigs[SGREEN].config.globalDepositLimit	"""1000000000000000000000000000"""	1000000000000000000000000000	current human-edited Blueprint/Defaults authority represented in derived ledger	already_accepted_current_authority	PR #66 0f79b626c6ec4788ba43b3132ada9ebec6084f2a; config/robinhood-parameters.json at 5f5d22b7ee78cbb904c4fe3c6e46599c330c4353	exact Git/derived-ledger reconciliation	none	D-H04-22	no	no	DefaultsRobinhood source and derived-ledger synchronization	Preserve current authority; do not re-import PR #66	status=approved; source commit retained for provenance; Evidence only — not configuration or deployment authority
P-H04-180	PR #66 selected input	Owner-selected PR #66 Profile 1 value for Defaults.assetConfigs[SGREEN].config.minDepositBalance.	Defaults.assetConfigs[SGREEN].config.minDepositBalance	P-H04-180	contracts/config/DefaultsRobinHood.vy::Defaults.assetConfigs[SGREEN].config.minDepositBalance	"""10000000000000000"""	10000000000000000	current human-edited Blueprint/Defaults authority represented in derived ledger	already_accepted_current_authority	PR #66 0f79b626c6ec4788ba43b3132ada9ebec6084f2a; config/robinhood-parameters.json at 5f5d22b7ee78cbb904c4fe3c6e46599c330c4353	exact Git/derived-ledger reconciliation	none	D-H04-22	no	no	DefaultsRobinhood source and derived-ledger synchronization	Preserve current authority; do not re-import PR #66	status=approved; source commit retained for provenance; Evidence only — not configuration or deployment authority
P-H04-181	PR #66 selected input	Owner-selected PR #66 Profile 1 value for Defaults.assetConfigs[SGREEN].config.debtTerms.ltv.	Defaults.assetConfigs[SGREEN].config.debtTerms.ltv	P-H04-181	contracts/config/DefaultsRobinHood.vy::Defaults.assetConfigs[SGREEN].config.debtTerms.ltv	0	0	current human-edited Blueprint/Defaults authority represented in derived ledger	already_accepted_current_authority	PR #66 0f79b626c6ec4788ba43b3132ada9ebec6084f2a; config/robinhood-parameters.json at 5f5d22b7ee78cbb904c4fe3c6e46599c330c4353	exact Git/derived-ledger reconciliation	none	D-H04-22	no	no	DefaultsRobinhood source and derived-ledger synchronization	Preserve current authority; do not re-import PR #66	status=approved; source commit retained for provenance; Evidence only — not configuration or deployment authority
P-H04-182	PR #66 selected input	Owner-selected PR #66 Profile 1 value for Defaults.assetConfigs[SGREEN].config.debtTerms.redemptionThreshold.	Defaults.assetConfigs[SGREEN].config.debtTerms.redemptionThreshold	P-H04-182	contracts/config/DefaultsRobinHood.vy::Defaults.assetConfigs[SGREEN].config.debtTerms.redemptionThreshold	0	0	current human-edited Blueprint/Defaults authority represented in derived ledger	already_accepted_current_authority	PR #66 0f79b626c6ec4788ba43b3132ada9ebec6084f2a; config/robinhood-parameters.json at 5f5d22b7ee78cbb904c4fe3c6e46599c330c4353	exact Git/derived-ledger reconciliation	none	D-H04-22	no	no	DefaultsRobinhood source and derived-ledger synchronization	Preserve current authority; do not re-import PR #66	status=approved; source commit retained for provenance; Evidence only — not configuration or deployment authority
P-H04-183	PR #66 selected input	Owner-selected PR #66 Profile 1 value for Defaults.assetConfigs[SGREEN].config.debtTerms.liqThreshold.	Defaults.assetConfigs[SGREEN].config.debtTerms.liqThreshold	P-H04-183	contracts/config/DefaultsRobinHood.vy::Defaults.assetConfigs[SGREEN].config.debtTerms.liqThreshold	0	0	current human-edited Blueprint/Defaults authority represented in derived ledger	already_accepted_current_authority	PR #66 0f79b626c6ec4788ba43b3132ada9ebec6084f2a; config/robinhood-parameters.json at 5f5d22b7ee78cbb904c4fe3c6e46599c330c4353	exact Git/derived-ledger reconciliation	none	D-H04-22	no	no	DefaultsRobinhood source and derived-ledger synchronization	Preserve current authority; do not re-import PR #66	status=approved; source commit retained for provenance; Evidence only — not configuration or deployment authority
P-H04-184	PR #66 selected input	Owner-selected PR #66 Profile 1 value for Defaults.assetConfigs[SGREEN].config.debtTerms.liqFee.	Defaults.assetConfigs[SGREEN].config.debtTerms.liqFee	P-H04-184	contracts/config/DefaultsRobinHood.vy::Defaults.assetConfigs[SGREEN].config.debtTerms.liqFee	0	0	current human-edited Blueprint/Defaults authority represented in derived ledger	already_accepted_current_authority	PR #66 0f79b626c6ec4788ba43b3132ada9ebec6084f2a; config/robinhood-parameters.json at 5f5d22b7ee78cbb904c4fe3c6e46599c330c4353	exact Git/derived-ledger reconciliation	none	D-H04-22	no	no	DefaultsRobinhood source and derived-ledger synchronization	Preserve current authority; do not re-import PR #66	status=approved; source commit retained for provenance; Evidence only — not configuration or deployment authority
P-H04-185	PR #66 selected input	Owner-selected PR #66 Profile 1 value for Defaults.assetConfigs[SGREEN].config.debtTerms.borrowRate.	Defaults.assetConfigs[SGREEN].config.debtTerms.borrowRate	P-H04-185	contracts/config/DefaultsRobinHood.vy::Defaults.assetConfigs[SGREEN].config.debtTerms.borrowRate	0	0	current human-edited Blueprint/Defaults authority represented in derived ledger	already_accepted_current_authority	PR #66 0f79b626c6ec4788ba43b3132ada9ebec6084f2a; config/robinhood-parameters.json at 5f5d22b7ee78cbb904c4fe3c6e46599c330c4353	exact Git/derived-ledger reconciliation	none	D-H04-22	no	no	DefaultsRobinhood source and derived-ledger synchronization	Preserve current authority; do not re-import PR #66	status=approved; source commit retained for provenance; Evidence only — not configuration or deployment authority
P-H04-186	PR #66 selected input	Owner-selected PR #66 Profile 1 value for Defaults.assetConfigs[SGREEN].config.debtTerms.daowry.	Defaults.assetConfigs[SGREEN].config.debtTerms.daowry	P-H04-186	contracts/config/DefaultsRobinHood.vy::Defaults.assetConfigs[SGREEN].config.debtTerms.daowry	0	0	current human-edited Blueprint/Defaults authority represented in derived ledger	already_accepted_current_authority	PR #66 0f79b626c6ec4788ba43b3132ada9ebec6084f2a; config/robinhood-parameters.json at 5f5d22b7ee78cbb904c4fe3c6e46599c330c4353	exact Git/derived-ledger reconciliation	none	D-H04-22	no	no	DefaultsRobinhood source and derived-ledger synchronization	Preserve current authority; do not re-import PR #66	status=approved; source commit retained for provenance; Evidence only — not configuration or deployment authority
P-H04-187	PR #66 selected input	Owner-selected PR #66 Profile 1 value for Defaults.assetConfigs[SGREEN].config.shouldBurnAsPayment.	Defaults.assetConfigs[SGREEN].config.shouldBurnAsPayment	P-H04-187	contracts/config/DefaultsRobinHood.vy::Defaults.assetConfigs[SGREEN].config.shouldBurnAsPayment	true	true	current human-edited Blueprint/Defaults authority represented in derived ledger	already_accepted_current_authority	PR #66 0f79b626c6ec4788ba43b3132ada9ebec6084f2a; config/robinhood-parameters.json at 5f5d22b7ee78cbb904c4fe3c6e46599c330c4353	exact Git/derived-ledger reconciliation	none	D-H04-22	no	no	DefaultsRobinhood source and derived-ledger synchronization	Preserve current authority; do not re-import PR #66	status=approved; source commit retained for provenance; Evidence only — not configuration or deployment authority
P-H04-188	PR #66 selected input	Owner-selected PR #66 Profile 1 value for Defaults.assetConfigs[SGREEN].config.shouldTransferToEndaoment.	Defaults.assetConfigs[SGREEN].config.shouldTransferToEndaoment	P-H04-188	contracts/config/DefaultsRobinHood.vy::Defaults.assetConfigs[SGREEN].config.shouldTransferToEndaoment	false	false	current human-edited Blueprint/Defaults authority represented in derived ledger	already_accepted_current_authority	PR #66 0f79b626c6ec4788ba43b3132ada9ebec6084f2a; config/robinhood-parameters.json at 5f5d22b7ee78cbb904c4fe3c6e46599c330c4353	exact Git/derived-ledger reconciliation	none	D-H04-22	no	no	DefaultsRobinhood source and derived-ledger synchronization	Preserve current authority; do not re-import PR #66	status=approved; source commit retained for provenance; Evidence only — not configuration or deployment authority
P-H04-189	PR #66 selected input	Owner-selected PR #66 Profile 1 value for Defaults.assetConfigs[SGREEN].config.shouldSwapInStabPools.	Defaults.assetConfigs[SGREEN].config.shouldSwapInStabPools	P-H04-189	contracts/config/DefaultsRobinHood.vy::Defaults.assetConfigs[SGREEN].config.shouldSwapInStabPools	false	false	current human-edited Blueprint/Defaults authority represented in derived ledger	already_accepted_current_authority	PR #66 0f79b626c6ec4788ba43b3132ada9ebec6084f2a; config/robinhood-parameters.json at 5f5d22b7ee78cbb904c4fe3c6e46599c330c4353	exact Git/derived-ledger reconciliation	none	D-H04-22	no	no	DefaultsRobinhood source and derived-ledger synchronization	Preserve current authority; do not re-import PR #66	status=approved; source commit retained for provenance; Evidence only — not configuration or deployment authority
P-H04-190	PR #66 selected input	Owner-selected PR #66 Profile 1 value for Defaults.assetConfigs[SGREEN].config.shouldAuctionInstantly.	Defaults.assetConfigs[SGREEN].config.shouldAuctionInstantly	P-H04-190	contracts/config/DefaultsRobinHood.vy::Defaults.assetConfigs[SGREEN].config.shouldAuctionInstantly	false	false	current human-edited Blueprint/Defaults authority represented in derived ledger	already_accepted_current_authority	PR #66 0f79b626c6ec4788ba43b3132ada9ebec6084f2a; config/robinhood-parameters.json at 5f5d22b7ee78cbb904c4fe3c6e46599c330c4353	exact Git/derived-ledger reconciliation	none	D-H04-22	no	no	DefaultsRobinhood source and derived-ledger synchronization	Preserve current authority; do not re-import PR #66	status=approved; source commit retained for provenance; Evidence only — not configuration or deployment authority
P-H04-191	PR #66 selected input	Owner-selected PR #66 Profile 1 value for Defaults.assetConfigs[SGREEN].config.canDeposit.	Defaults.assetConfigs[SGREEN].config.canDeposit	P-H04-191	contracts/config/DefaultsRobinHood.vy::Defaults.assetConfigs[SGREEN].config.canDeposit	true	true	current human-edited Blueprint/Defaults authority represented in derived ledger	already_accepted_current_authority	PR #66 0f79b626c6ec4788ba43b3132ada9ebec6084f2a; config/robinhood-parameters.json at 5f5d22b7ee78cbb904c4fe3c6e46599c330c4353	exact Git/derived-ledger reconciliation	none	D-H04-22	no	no	DefaultsRobinhood source and derived-ledger synchronization	Preserve current authority; do not re-import PR #66	status=approved; source commit retained for provenance; Evidence only — not configuration or deployment authority
P-H04-192	PR #66 selected input	Owner-selected PR #66 Profile 1 value for Defaults.assetConfigs[SGREEN].config.canWithdraw.	Defaults.assetConfigs[SGREEN].config.canWithdraw	P-H04-192	contracts/config/DefaultsRobinHood.vy::Defaults.assetConfigs[SGREEN].config.canWithdraw	true	true	current human-edited Blueprint/Defaults authority represented in derived ledger	already_accepted_current_authority	PR #66 0f79b626c6ec4788ba43b3132ada9ebec6084f2a; config/robinhood-parameters.json at 5f5d22b7ee78cbb904c4fe3c6e46599c330c4353	exact Git/derived-ledger reconciliation	none	D-H04-22	no	no	DefaultsRobinhood source and derived-ledger synchronization	Preserve current authority; do not re-import PR #66	status=approved; source commit retained for provenance; Evidence only — not configuration or deployment authority
P-H04-193	PR #66 selected input	Owner-selected PR #66 Profile 1 value for Defaults.assetConfigs[SGREEN].config.canRedeemCollateral.	Defaults.assetConfigs[SGREEN].config.canRedeemCollateral	P-H04-193	contracts/config/DefaultsRobinHood.vy::Defaults.assetConfigs[SGREEN].config.canRedeemCollateral	false	false	current human-edited Blueprint/Defaults authority represented in derived ledger	already_accepted_current_authority	PR #66 0f79b626c6ec4788ba43b3132ada9ebec6084f2a; config/robinhood-parameters.json at 5f5d22b7ee78cbb904c4fe3c6e46599c330c4353	exact Git/derived-ledger reconciliation	none	D-H04-22	no	no	DefaultsRobinhood source and derived-ledger synchronization	Preserve current authority; do not re-import PR #66	status=approved; source commit retained for provenance; Evidence only — not configuration or deployment authority
P-H04-194	PR #66 selected input	Owner-selected PR #66 Profile 1 value for Defaults.assetConfigs[SGREEN].config.canRedeemInStabPool.	Defaults.assetConfigs[SGREEN].config.canRedeemInStabPool	P-H04-194	contracts/config/DefaultsRobinHood.vy::Defaults.assetConfigs[SGREEN].config.canRedeemInStabPool	false	false	current human-edited Blueprint/Defaults authority represented in derived ledger	already_accepted_current_authority	PR #66 0f79b626c6ec4788ba43b3132ada9ebec6084f2a; config/robinhood-parameters.json at 5f5d22b7ee78cbb904c4fe3c6e46599c330c4353	exact Git/derived-ledger reconciliation	none	D-H04-22	no	no	DefaultsRobinhood source and derived-ledger synchronization	Preserve current authority; do not re-import PR #66	status=approved; source commit retained for provenance; Evidence only — not configuration or deployment authority
P-H04-195	PR #66 selected input	Owner-selected PR #66 Profile 1 value for Defaults.assetConfigs[SGREEN].config.canBuyInAuction.	Defaults.assetConfigs[SGREEN].config.canBuyInAuction	P-H04-195	contracts/config/DefaultsRobinHood.vy::Defaults.assetConfigs[SGREEN].config.canBuyInAuction	false	false	current human-edited Blueprint/Defaults authority represented in derived ledger	already_accepted_current_authority	PR #66 0f79b626c6ec4788ba43b3132ada9ebec6084f2a; config/robinhood-parameters.json at 5f5d22b7ee78cbb904c4fe3c6e46599c330c4353	exact Git/derived-ledger reconciliation	none	D-H04-22	no	no	DefaultsRobinhood source and derived-ledger synchronization	Preserve current authority; do not re-import PR #66	status=approved; source commit retained for provenance; Evidence only — not configuration or deployment authority
P-H04-196	PR #66 selected input	Owner-selected PR #66 Profile 1 value for Defaults.assetConfigs[SGREEN].config.canClaimInStabPool.	Defaults.assetConfigs[SGREEN].config.canClaimInStabPool	P-H04-196	contracts/config/DefaultsRobinHood.vy::Defaults.assetConfigs[SGREEN].config.canClaimInStabPool	false	false	current human-edited Blueprint/Defaults authority represented in derived ledger	already_accepted_current_authority	PR #66 0f79b626c6ec4788ba43b3132ada9ebec6084f2a; config/robinhood-parameters.json at 5f5d22b7ee78cbb904c4fe3c6e46599c330c4353	exact Git/derived-ledger reconciliation	none	D-H04-22	no	no	DefaultsRobinhood source and derived-ledger synchronization	Preserve current authority; do not re-import PR #66	status=approved; source commit retained for provenance; Evidence only — not configuration or deployment authority
P-H04-197	PR #66 selected input	Owner-selected PR #66 Profile 1 value for Defaults.assetConfigs[SGREEN].config.specialStabPoolId.	Defaults.assetConfigs[SGREEN].config.specialStabPoolId	P-H04-197	contracts/config/DefaultsRobinHood.vy::Defaults.assetConfigs[SGREEN].config.specialStabPoolId	0	0	current human-edited Blueprint/Defaults authority represented in derived ledger	already_accepted_current_authority	PR #66 0f79b626c6ec4788ba43b3132ada9ebec6084f2a; config/robinhood-parameters.json at 5f5d22b7ee78cbb904c4fe3c6e46599c330c4353	exact Git/derived-ledger reconciliation	none	D-H04-22	no	no	DefaultsRobinhood source and derived-ledger synchronization	Preserve current authority; do not re-import PR #66	status=approved; source commit retained for provenance; Evidence only — not configuration or deployment authority
P-H04-198	PR #66 selected input	Owner-selected PR #66 Profile 1 value for Defaults.assetConfigs[SGREEN].config.customAuctionParams.hasParams.	Defaults.assetConfigs[SGREEN].config.customAuctionParams.hasParams	P-H04-198	contracts/config/DefaultsRobinHood.vy::Defaults.assetConfigs[SGREEN].config.customAuctionParams.hasParams	false	false	current human-edited Blueprint/Defaults authority represented in derived ledger	already_accepted_current_authority	PR #66 0f79b626c6ec4788ba43b3132ada9ebec6084f2a; config/robinhood-parameters.json at 5f5d22b7ee78cbb904c4fe3c6e46599c330c4353	exact Git/derived-ledger reconciliation	none	D-H04-22	no	no	DefaultsRobinhood source and derived-ledger synchronization	Preserve current authority; do not re-import PR #66	status=approved; source commit retained for provenance; Evidence only — not configuration or deployment authority
P-H04-199	PR #66 selected input	Owner-selected PR #66 Profile 1 value for Defaults.assetConfigs[SGREEN].config.customAuctionParams.startDiscount.	Defaults.assetConfigs[SGREEN].config.customAuctionParams.startDiscount	P-H04-199	contracts/config/DefaultsRobinHood.vy::Defaults.assetConfigs[SGREEN].config.customAuctionParams.startDiscount	0	0	current human-edited Blueprint/Defaults authority represented in derived ledger	already_accepted_current_authority	PR #66 0f79b626c6ec4788ba43b3132ada9ebec6084f2a; config/robinhood-parameters.json at 5f5d22b7ee78cbb904c4fe3c6e46599c330c4353	exact Git/derived-ledger reconciliation	none	D-H04-22	no	no	DefaultsRobinhood source and derived-ledger synchronization	Preserve current authority; do not re-import PR #66	status=approved; source commit retained for provenance; Evidence only — not configuration or deployment authority
P-H04-200	PR #66 selected input	Owner-selected PR #66 Profile 1 value for Defaults.assetConfigs[SGREEN].config.customAuctionParams.maxDiscount.	Defaults.assetConfigs[SGREEN].config.customAuctionParams.maxDiscount	P-H04-200	contracts/config/DefaultsRobinHood.vy::Defaults.assetConfigs[SGREEN].config.customAuctionParams.maxDiscount	0	0	current human-edited Blueprint/Defaults authority represented in derived ledger	already_accepted_current_authority	PR #66 0f79b626c6ec4788ba43b3132ada9ebec6084f2a; config/robinhood-parameters.json at 5f5d22b7ee78cbb904c4fe3c6e46599c330c4353	exact Git/derived-ledger reconciliation	none	D-H04-22	no	no	DefaultsRobinhood source and derived-ledger synchronization	Preserve current authority; do not re-import PR #66	status=approved; source commit retained for provenance; Evidence only — not configuration or deployment authority
P-H04-201	PR #66 selected input	Owner-selected PR #66 Profile 1 value for Defaults.assetConfigs[SGREEN].config.customAuctionParams.delay.	Defaults.assetConfigs[SGREEN].config.customAuctionParams.delay	P-H04-201	contracts/config/DefaultsRobinHood.vy::Defaults.assetConfigs[SGREEN].config.customAuctionParams.delay	0	0	current human-edited Blueprint/Defaults authority represented in derived ledger	already_accepted_current_authority	PR #66 0f79b626c6ec4788ba43b3132ada9ebec6084f2a; config/robinhood-parameters.json at 5f5d22b7ee78cbb904c4fe3c6e46599c330c4353	exact Git/derived-ledger reconciliation	none	D-H04-22	no	no	DefaultsRobinhood source and derived-ledger synchronization	Preserve current authority; do not re-import PR #66	status=approved; source commit retained for provenance; Evidence only — not configuration or deployment authority
P-H04-202	PR #66 selected input	Owner-selected PR #66 Profile 1 value for Defaults.assetConfigs[SGREEN].config.customAuctionParams.duration.	Defaults.assetConfigs[SGREEN].config.customAuctionParams.duration	P-H04-202	contracts/config/DefaultsRobinHood.vy::Defaults.assetConfigs[SGREEN].config.customAuctionParams.duration	0	0	current human-edited Blueprint/Defaults authority represented in derived ledger	already_accepted_current_authority	PR #66 0f79b626c6ec4788ba43b3132ada9ebec6084f2a; config/robinhood-parameters.json at 5f5d22b7ee78cbb904c4fe3c6e46599c330c4353	exact Git/derived-ledger reconciliation	none	D-H04-22	no	no	DefaultsRobinhood source and derived-ledger synchronization	Preserve current authority; do not re-import PR #66	status=approved; source commit retained for provenance; Evidence only — not configuration or deployment authority
P-H04-203	PR #66 selected input	Owner-selected PR #66 Profile 1 value for Defaults.assetConfigs[SGREEN].config.whitelist.	Defaults.assetConfigs[SGREEN].config.whitelist	P-H04-203	contracts/config/DefaultsRobinHood.vy::Defaults.assetConfigs[SGREEN].config.whitelist	"""empty(address)"""	"""empty(address)"""	current human-edited Blueprint/Defaults authority represented in derived ledger	already_accepted_current_authority	PR #66 0f79b626c6ec4788ba43b3132ada9ebec6084f2a; config/robinhood-parameters.json at 5f5d22b7ee78cbb904c4fe3c6e46599c330c4353	exact Git/derived-ledger reconciliation	none	D-H04-22	no	no	DefaultsRobinhood source and derived-ledger synchronization	Preserve current authority; do not re-import PR #66	status=approved; source commit retained for provenance; Evidence only — not configuration or deployment authority
P-H04-204	PR #66 selected input	Owner-selected PR #66 Profile 1 value for Defaults.assetConfigs[SGREEN].config.isNft.	Defaults.assetConfigs[SGREEN].config.isNft	P-H04-204	contracts/config/DefaultsRobinHood.vy::Defaults.assetConfigs[SGREEN].config.isNft	false	false	current human-edited Blueprint/Defaults authority represented in derived ledger	already_accepted_current_authority	PR #66 0f79b626c6ec4788ba43b3132ada9ebec6084f2a; config/robinhood-parameters.json at 5f5d22b7ee78cbb904c4fe3c6e46599c330c4353	exact Git/derived-ledger reconciliation	none	D-H04-22	no	no	DefaultsRobinhood source and derived-ledger synchronization	Preserve current authority; do not re-import PR #66	status=approved; source commit retained for provenance; Evidence only — not configuration or deployment authority
P-H04-205	PR #66 selected input	Owner-selected PR #66 Profile 1 value for Defaults.assetConfigs[WETH].asset.	Defaults.assetConfigs[WETH].asset	P-H04-205	contracts/config/DefaultsRobinHood.vy::Defaults.assetConfigs[WETH].asset	"""0x0Bd7D308f8E1639FAb988df18A8011f41EAcAD73"""	"""0x0Bd7D308f8E1639FAb988df18A8011f41EAcAD73"""	owner-selected external fact; independent acceptance pending	selected_external_fact_unverified	PR #66 0f79b626c6ec4788ba43b3132ada9ebec6084f2a; config/robinhood-parameters.json at 5f5d22b7ee78cbb904c4fe3c6e46599c330c4353	exact Git/derived-ledger reconciliation	address:WETH:unverified	D-H04-22	yes	no	Independent external-fact verification; DefaultsRobinhood source and derived-ledger synchronization	Verify through the consolidated immutable-pin packet	status=external_fact; source commit retained for provenance; Evidence only — not configuration or deployment authority
P-H04-206	PR #66 selected input	Owner-selected PR #66 Profile 1 value for Defaults.assetConfigs[WETH].config.vaultIds.	Defaults.assetConfigs[WETH].config.vaultIds	P-H04-206	contracts/config/DefaultsRobinHood.vy::Defaults.assetConfigs[WETH].config.vaultIds	"""[3]"""	[3]	current human-edited Blueprint/Defaults authority represented in derived ledger	already_accepted_current_authority	PR #66 0f79b626c6ec4788ba43b3132ada9ebec6084f2a; config/robinhood-parameters.json at 5f5d22b7ee78cbb904c4fe3c6e46599c330c4353	exact Git/derived-ledger reconciliation	none	D-H04-22	no	no	DefaultsRobinhood source and derived-ledger synchronization	Preserve current authority; do not re-import PR #66	status=approved; source commit retained for provenance; Evidence only — not configuration or deployment authority
P-H04-207	PR #66 selected input	Owner-selected PR #66 Profile 1 value for Defaults.assetConfigs[WETH].config.stakersPointsAlloc.	Defaults.assetConfigs[WETH].config.stakersPointsAlloc	P-H04-207	contracts/config/DefaultsRobinHood.vy::Defaults.assetConfigs[WETH].config.stakersPointsAlloc	0	0	current human-edited Blueprint/Defaults authority represented in derived ledger	already_accepted_current_authority	PR #66 0f79b626c6ec4788ba43b3132ada9ebec6084f2a; config/robinhood-parameters.json at 5f5d22b7ee78cbb904c4fe3c6e46599c330c4353	exact Git/derived-ledger reconciliation	none	D-H04-22	no	no	DefaultsRobinhood source and derived-ledger synchronization	Preserve current authority; do not re-import PR #66	status=approved; source commit retained for provenance; Evidence only — not configuration or deployment authority
P-H04-208	PR #66 selected input	Owner-selected PR #66 Profile 1 value for Defaults.assetConfigs[WETH].config.voterPointsAlloc.	Defaults.assetConfigs[WETH].config.voterPointsAlloc	P-H04-208	contracts/config/DefaultsRobinHood.vy::Defaults.assetConfigs[WETH].config.voterPointsAlloc	0	0	current human-edited Blueprint/Defaults authority represented in derived ledger	already_accepted_current_authority	PR #66 0f79b626c6ec4788ba43b3132ada9ebec6084f2a; config/robinhood-parameters.json at 5f5d22b7ee78cbb904c4fe3c6e46599c330c4353	exact Git/derived-ledger reconciliation	none	D-H04-22	no	no	DefaultsRobinhood source and derived-ledger synchronization	Preserve current authority; do not re-import PR #66	status=approved; source commit retained for provenance; Evidence only — not configuration or deployment authority
P-H04-209	PR #66 selected input	Owner-selected PR #66 Profile 1 value for Defaults.assetConfigs[WETH].config.perUserDepositLimit.	Defaults.assetConfigs[WETH].config.perUserDepositLimit	P-H04-209	contracts/config/DefaultsRobinHood.vy::Defaults.assetConfigs[WETH].config.perUserDepositLimit	"""2500000000000000000"""	2500000000000000000	current human-edited Blueprint/Defaults authority represented in derived ledger	already_accepted_current_authority	PR #66 0f79b626c6ec4788ba43b3132ada9ebec6084f2a; config/robinhood-parameters.json at 5f5d22b7ee78cbb904c4fe3c6e46599c330c4353	exact Git/derived-ledger reconciliation	none	D-H04-22	no	no	DefaultsRobinhood source and derived-ledger synchronization	Preserve current authority; do not re-import PR #66	status=approved; source commit retained for provenance; Evidence only — not configuration or deployment authority
P-H04-210	PR #66 selected input	Owner-selected PR #66 Profile 1 value for Defaults.assetConfigs[WETH].config.globalDepositLimit.	Defaults.assetConfigs[WETH].config.globalDepositLimit	P-H04-210	contracts/config/DefaultsRobinHood.vy::Defaults.assetConfigs[WETH].config.globalDepositLimit	"""5000000000000000000"""	5000000000000000000	current human-edited Blueprint/Defaults authority represented in derived ledger	already_accepted_current_authority	PR #66 0f79b626c6ec4788ba43b3132ada9ebec6084f2a; config/robinhood-parameters.json at 5f5d22b7ee78cbb904c4fe3c6e46599c330c4353	exact Git/derived-ledger reconciliation	none	D-H04-22	no	no	DefaultsRobinhood source and derived-ledger synchronization	Preserve current authority; do not re-import PR #66	status=approved; source commit retained for provenance; Evidence only — not configuration or deployment authority
P-H04-211	PR #66 selected input	Owner-selected PR #66 Profile 1 value for Defaults.assetConfigs[WETH].config.minDepositBalance.	Defaults.assetConfigs[WETH].config.minDepositBalance	P-H04-211	contracts/config/DefaultsRobinHood.vy::Defaults.assetConfigs[WETH].config.minDepositBalance	"""100000000000000"""	100000000000000	current human-edited Blueprint/Defaults authority represented in derived ledger	already_accepted_current_authority	PR #66 0f79b626c6ec4788ba43b3132ada9ebec6084f2a; config/robinhood-parameters.json at 5f5d22b7ee78cbb904c4fe3c6e46599c330c4353	exact Git/derived-ledger reconciliation	none	D-H04-22	no	no	DefaultsRobinhood source and derived-ledger synchronization	Preserve current authority; do not re-import PR #66	status=approved; source commit retained for provenance; Evidence only — not configuration or deployment authority
P-H04-212	PR #66 selected input	Owner-selected PR #66 Profile 1 value for Defaults.assetConfigs[WETH].config.debtTerms.ltv.	Defaults.assetConfigs[WETH].config.debtTerms.ltv	P-H04-212	contracts/config/DefaultsRobinHood.vy::Defaults.assetConfigs[WETH].config.debtTerms.ltv	7000	7000	current human-edited Blueprint/Defaults authority represented in derived ledger	already_accepted_current_authority	PR #66 0f79b626c6ec4788ba43b3132ada9ebec6084f2a; config/robinhood-parameters.json at 5f5d22b7ee78cbb904c4fe3c6e46599c330c4353	exact Git/derived-ledger reconciliation	none	D-H04-22	no	no	DefaultsRobinhood source and derived-ledger synchronization	Preserve current authority; do not re-import PR #66	status=approved; source commit retained for provenance; Evidence only — not configuration or deployment authority
P-H04-213	PR #66 selected input	Owner-selected PR #66 Profile 1 value for Defaults.assetConfigs[WETH].config.debtTerms.redemptionThreshold.	Defaults.assetConfigs[WETH].config.debtTerms.redemptionThreshold	P-H04-213	contracts/config/DefaultsRobinHood.vy::Defaults.assetConfigs[WETH].config.debtTerms.redemptionThreshold	7700	7700	current human-edited Blueprint/Defaults authority represented in derived ledger	already_accepted_current_authority	PR #66 0f79b626c6ec4788ba43b3132ada9ebec6084f2a; config/robinhood-parameters.json at 5f5d22b7ee78cbb904c4fe3c6e46599c330c4353	exact Git/derived-ledger reconciliation	none	D-H04-22	no	no	DefaultsRobinhood source and derived-ledger synchronization	Preserve current authority; do not re-import PR #66	status=approved; source commit retained for provenance; Evidence only — not configuration or deployment authority
P-H04-214	PR #66 selected input	Owner-selected PR #66 Profile 1 value for Defaults.assetConfigs[WETH].config.debtTerms.liqThreshold.	Defaults.assetConfigs[WETH].config.debtTerms.liqThreshold	P-H04-214	contracts/config/DefaultsRobinHood.vy::Defaults.assetConfigs[WETH].config.debtTerms.liqThreshold	8000	8000	current human-edited Blueprint/Defaults authority represented in derived ledger	already_accepted_current_authority	PR #66 0f79b626c6ec4788ba43b3132ada9ebec6084f2a; config/robinhood-parameters.json at 5f5d22b7ee78cbb904c4fe3c6e46599c330c4353	exact Git/derived-ledger reconciliation	none	D-H04-22	no	no	DefaultsRobinhood source and derived-ledger synchronization	Preserve current authority; do not re-import PR #66	status=approved; source commit retained for provenance; Evidence only — not configuration or deployment authority
P-H04-215	PR #66 selected input	Owner-selected PR #66 Profile 1 value for Defaults.assetConfigs[WETH].config.debtTerms.liqFee.	Defaults.assetConfigs[WETH].config.debtTerms.liqFee	P-H04-215	contracts/config/DefaultsRobinHood.vy::Defaults.assetConfigs[WETH].config.debtTerms.liqFee	1000	1000	current human-edited Blueprint/Defaults authority represented in derived ledger	already_accepted_current_authority	PR #66 0f79b626c6ec4788ba43b3132ada9ebec6084f2a; config/robinhood-parameters.json at 5f5d22b7ee78cbb904c4fe3c6e46599c330c4353	exact Git/derived-ledger reconciliation	none	D-H04-22	no	no	DefaultsRobinhood source and derived-ledger synchronization	Preserve current authority; do not re-import PR #66	status=approved; source commit retained for provenance; Evidence only — not configuration or deployment authority
P-H04-216	PR #66 selected input	Owner-selected PR #66 Profile 1 value for Defaults.assetConfigs[WETH].config.debtTerms.borrowRate.	Defaults.assetConfigs[WETH].config.debtTerms.borrowRate	P-H04-216	contracts/config/DefaultsRobinHood.vy::Defaults.assetConfigs[WETH].config.debtTerms.borrowRate	700	700	current human-edited Blueprint/Defaults authority represented in derived ledger	already_accepted_current_authority	PR #66 0f79b626c6ec4788ba43b3132ada9ebec6084f2a; config/robinhood-parameters.json at 5f5d22b7ee78cbb904c4fe3c6e46599c330c4353	exact Git/derived-ledger reconciliation	none	D-H04-22	no	no	DefaultsRobinhood source and derived-ledger synchronization	Preserve current authority; do not re-import PR #66	status=approved; source commit retained for provenance; Evidence only — not configuration or deployment authority
P-H04-217	PR #66 selected input	Owner-selected PR #66 Profile 1 value for Defaults.assetConfigs[WETH].config.debtTerms.daowry.	Defaults.assetConfigs[WETH].config.debtTerms.daowry	P-H04-217	contracts/config/DefaultsRobinHood.vy::Defaults.assetConfigs[WETH].config.debtTerms.daowry	25	25	current human-edited Blueprint/Defaults authority represented in derived ledger	already_accepted_current_authority	PR #66 0f79b626c6ec4788ba43b3132ada9ebec6084f2a; config/robinhood-parameters.json at 5f5d22b7ee78cbb904c4fe3c6e46599c330c4353	exact Git/derived-ledger reconciliation	none	D-H04-22	no	no	DefaultsRobinhood source and derived-ledger synchronization	Preserve current authority; do not re-import PR #66	status=approved; source commit retained for provenance; Evidence only — not configuration or deployment authority
P-H04-218	PR #66 selected input	Owner-selected PR #66 Profile 1 value for Defaults.assetConfigs[WETH].config.shouldBurnAsPayment.	Defaults.assetConfigs[WETH].config.shouldBurnAsPayment	P-H04-218	contracts/config/DefaultsRobinHood.vy::Defaults.assetConfigs[WETH].config.shouldBurnAsPayment	false	false	current human-edited Blueprint/Defaults authority represented in derived ledger	already_accepted_current_authority	PR #66 0f79b626c6ec4788ba43b3132ada9ebec6084f2a; config/robinhood-parameters.json at 5f5d22b7ee78cbb904c4fe3c6e46599c330c4353	exact Git/derived-ledger reconciliation	none	D-H04-22	no	no	DefaultsRobinhood source and derived-ledger synchronization	Preserve current authority; do not re-import PR #66	status=approved; source commit retained for provenance; Evidence only — not configuration or deployment authority
P-H04-219	PR #66 selected input	Owner-selected PR #66 Profile 1 value for Defaults.assetConfigs[WETH].config.shouldTransferToEndaoment.	Defaults.assetConfigs[WETH].config.shouldTransferToEndaoment	P-H04-219	contracts/config/DefaultsRobinHood.vy::Defaults.assetConfigs[WETH].config.shouldTransferToEndaoment	false	false	current human-edited Blueprint/Defaults authority represented in derived ledger	already_accepted_current_authority	PR #66 0f79b626c6ec4788ba43b3132ada9ebec6084f2a; config/robinhood-parameters.json at 5f5d22b7ee78cbb904c4fe3c6e46599c330c4353	exact Git/derived-ledger reconciliation	none	D-H04-22	no	no	DefaultsRobinhood source and derived-ledger synchronization	Preserve current authority; do not re-import PR #66	status=approved; source commit retained for provenance; Evidence only — not configuration or deployment authority
P-H04-220	PR #66 selected input	Owner-selected PR #66 Profile 1 value for Defaults.assetConfigs[WETH].config.shouldSwapInStabPools.	Defaults.assetConfigs[WETH].config.shouldSwapInStabPools	P-H04-220	contracts/config/DefaultsRobinHood.vy::Defaults.assetConfigs[WETH].config.shouldSwapInStabPools	true	true	current human-edited Blueprint/Defaults authority represented in derived ledger	already_accepted_current_authority	PR #66 0f79b626c6ec4788ba43b3132ada9ebec6084f2a; config/robinhood-parameters.json at 5f5d22b7ee78cbb904c4fe3c6e46599c330c4353	exact Git/derived-ledger reconciliation	none	D-H04-22	no	no	DefaultsRobinhood source and derived-ledger synchronization	Preserve current authority; do not re-import PR #66	status=approved; source commit retained for provenance; Evidence only — not configuration or deployment authority
P-H04-221	PR #66 selected input	Owner-selected PR #66 Profile 1 value for Defaults.assetConfigs[WETH].config.shouldAuctionInstantly.	Defaults.assetConfigs[WETH].config.shouldAuctionInstantly	P-H04-221	contracts/config/DefaultsRobinHood.vy::Defaults.assetConfigs[WETH].config.shouldAuctionInstantly	true	true	current human-edited Blueprint/Defaults authority represented in derived ledger	already_accepted_current_authority	PR #66 0f79b626c6ec4788ba43b3132ada9ebec6084f2a; config/robinhood-parameters.json at 5f5d22b7ee78cbb904c4fe3c6e46599c330c4353	exact Git/derived-ledger reconciliation	none	D-H04-22	no	no	DefaultsRobinhood source and derived-ledger synchronization	Preserve current authority; do not re-import PR #66	status=approved; source commit retained for provenance; Evidence only — not configuration or deployment authority
P-H04-222	PR #66 selected input	Owner-selected PR #66 Profile 1 value for Defaults.assetConfigs[WETH].config.canDeposit.	Defaults.assetConfigs[WETH].config.canDeposit	P-H04-222	contracts/config/DefaultsRobinHood.vy::Defaults.assetConfigs[WETH].config.canDeposit	true	true	current human-edited Blueprint/Defaults authority represented in derived ledger	already_accepted_current_authority	PR #66 0f79b626c6ec4788ba43b3132ada9ebec6084f2a; config/robinhood-parameters.json at 5f5d22b7ee78cbb904c4fe3c6e46599c330c4353	exact Git/derived-ledger reconciliation	none	D-H04-22	no	no	DefaultsRobinhood source and derived-ledger synchronization	Preserve current authority; do not re-import PR #66	status=approved; source commit retained for provenance; Evidence only — not configuration or deployment authority
P-H04-223	PR #66 selected input	Owner-selected PR #66 Profile 1 value for Defaults.assetConfigs[WETH].config.canWithdraw.	Defaults.assetConfigs[WETH].config.canWithdraw	P-H04-223	contracts/config/DefaultsRobinHood.vy::Defaults.assetConfigs[WETH].config.canWithdraw	true	true	current human-edited Blueprint/Defaults authority represented in derived ledger	already_accepted_current_authority	PR #66 0f79b626c6ec4788ba43b3132ada9ebec6084f2a; config/robinhood-parameters.json at 5f5d22b7ee78cbb904c4fe3c6e46599c330c4353	exact Git/derived-ledger reconciliation	none	D-H04-22	no	no	DefaultsRobinhood source and derived-ledger synchronization	Preserve current authority; do not re-import PR #66	status=approved; source commit retained for provenance; Evidence only — not configuration or deployment authority
P-H04-224	PR #66 selected input	Owner-selected PR #66 Profile 1 value for Defaults.assetConfigs[WETH].config.canRedeemCollateral.	Defaults.assetConfigs[WETH].config.canRedeemCollateral	P-H04-224	contracts/config/DefaultsRobinHood.vy::Defaults.assetConfigs[WETH].config.canRedeemCollateral	true	true	current human-edited Blueprint/Defaults authority represented in derived ledger	already_accepted_current_authority	PR #66 0f79b626c6ec4788ba43b3132ada9ebec6084f2a; config/robinhood-parameters.json at 5f5d22b7ee78cbb904c4fe3c6e46599c330c4353	exact Git/derived-ledger reconciliation	none	D-H04-22	no	no	DefaultsRobinhood source and derived-ledger synchronization	Preserve current authority; do not re-import PR #66	status=approved; source commit retained for provenance; Evidence only — not configuration or deployment authority
P-H04-225	PR #66 selected input	Owner-selected PR #66 Profile 1 value for Defaults.assetConfigs[WETH].config.canRedeemInStabPool.	Defaults.assetConfigs[WETH].config.canRedeemInStabPool	P-H04-225	contracts/config/DefaultsRobinHood.vy::Defaults.assetConfigs[WETH].config.canRedeemInStabPool	true	true	current human-edited Blueprint/Defaults authority represented in derived ledger	already_accepted_current_authority	PR #66 0f79b626c6ec4788ba43b3132ada9ebec6084f2a; config/robinhood-parameters.json at 5f5d22b7ee78cbb904c4fe3c6e46599c330c4353	exact Git/derived-ledger reconciliation	none	D-H04-22	no	no	DefaultsRobinhood source and derived-ledger synchronization	Preserve current authority; do not re-import PR #66	status=approved; source commit retained for provenance; Evidence only — not configuration or deployment authority
P-H04-226	PR #66 selected input	Owner-selected PR #66 Profile 1 value for Defaults.assetConfigs[WETH].config.canBuyInAuction.	Defaults.assetConfigs[WETH].config.canBuyInAuction	P-H04-226	contracts/config/DefaultsRobinHood.vy::Defaults.assetConfigs[WETH].config.canBuyInAuction	true	true	current human-edited Blueprint/Defaults authority represented in derived ledger	already_accepted_current_authority	PR #66 0f79b626c6ec4788ba43b3132ada9ebec6084f2a; config/robinhood-parameters.json at 5f5d22b7ee78cbb904c4fe3c6e46599c330c4353	exact Git/derived-ledger reconciliation	none	D-H04-22	no	no	DefaultsRobinhood source and derived-ledger synchronization	Preserve current authority; do not re-import PR #66	status=approved; source commit retained for provenance; Evidence only — not configuration or deployment authority
P-H04-227	PR #66 selected input	Owner-selected PR #66 Profile 1 value for Defaults.assetConfigs[WETH].config.canClaimInStabPool.	Defaults.assetConfigs[WETH].config.canClaimInStabPool	P-H04-227	contracts/config/DefaultsRobinHood.vy::Defaults.assetConfigs[WETH].config.canClaimInStabPool	true	true	current human-edited Blueprint/Defaults authority represented in derived ledger	already_accepted_current_authority	PR #66 0f79b626c6ec4788ba43b3132ada9ebec6084f2a; config/robinhood-parameters.json at 5f5d22b7ee78cbb904c4fe3c6e46599c330c4353	exact Git/derived-ledger reconciliation	none	D-H04-22	no	no	DefaultsRobinhood source and derived-ledger synchronization	Preserve current authority; do not re-import PR #66	status=approved; source commit retained for provenance; Evidence only — not configuration or deployment authority
P-H04-228	PR #66 selected input	Owner-selected PR #66 Profile 1 value for Defaults.assetConfigs[WETH].config.specialStabPoolId.	Defaults.assetConfigs[WETH].config.specialStabPoolId	P-H04-228	contracts/config/DefaultsRobinHood.vy::Defaults.assetConfigs[WETH].config.specialStabPoolId	0	0	current human-edited Blueprint/Defaults authority represented in derived ledger	already_accepted_current_authority	PR #66 0f79b626c6ec4788ba43b3132ada9ebec6084f2a; config/robinhood-parameters.json at 5f5d22b7ee78cbb904c4fe3c6e46599c330c4353	exact Git/derived-ledger reconciliation	none	D-H04-22	no	no	DefaultsRobinhood source and derived-ledger synchronization	Preserve current authority; do not re-import PR #66	status=approved; source commit retained for provenance; Evidence only — not configuration or deployment authority
P-H04-229	PR #66 selected input	Owner-selected PR #66 Profile 1 value for Defaults.assetConfigs[WETH].config.customAuctionParams.hasParams.	Defaults.assetConfigs[WETH].config.customAuctionParams.hasParams	P-H04-229	contracts/config/DefaultsRobinHood.vy::Defaults.assetConfigs[WETH].config.customAuctionParams.hasParams	false	false	current human-edited Blueprint/Defaults authority represented in derived ledger	already_accepted_current_authority	PR #66 0f79b626c6ec4788ba43b3132ada9ebec6084f2a; config/robinhood-parameters.json at 5f5d22b7ee78cbb904c4fe3c6e46599c330c4353	exact Git/derived-ledger reconciliation	none	D-H04-22	no	no	DefaultsRobinhood source and derived-ledger synchronization	Preserve current authority; do not re-import PR #66	status=approved; source commit retained for provenance; Evidence only — not configuration or deployment authority
P-H04-230	PR #66 selected input	Owner-selected PR #66 Profile 1 value for Defaults.assetConfigs[WETH].config.customAuctionParams.startDiscount.	Defaults.assetConfigs[WETH].config.customAuctionParams.startDiscount	P-H04-230	contracts/config/DefaultsRobinHood.vy::Defaults.assetConfigs[WETH].config.customAuctionParams.startDiscount	0	0	current human-edited Blueprint/Defaults authority represented in derived ledger	already_accepted_current_authority	PR #66 0f79b626c6ec4788ba43b3132ada9ebec6084f2a; config/robinhood-parameters.json at 5f5d22b7ee78cbb904c4fe3c6e46599c330c4353	exact Git/derived-ledger reconciliation	none	D-H04-22	no	no	DefaultsRobinhood source and derived-ledger synchronization	Preserve current authority; do not re-import PR #66	status=approved; source commit retained for provenance; Evidence only — not configuration or deployment authority
P-H04-231	PR #66 selected input	Owner-selected PR #66 Profile 1 value for Defaults.assetConfigs[WETH].config.customAuctionParams.maxDiscount.	Defaults.assetConfigs[WETH].config.customAuctionParams.maxDiscount	P-H04-231	contracts/config/DefaultsRobinHood.vy::Defaults.assetConfigs[WETH].config.customAuctionParams.maxDiscount	0	0	current human-edited Blueprint/Defaults authority represented in derived ledger	already_accepted_current_authority	PR #66 0f79b626c6ec4788ba43b3132ada9ebec6084f2a; config/robinhood-parameters.json at 5f5d22b7ee78cbb904c4fe3c6e46599c330c4353	exact Git/derived-ledger reconciliation	none	D-H04-22	no	no	DefaultsRobinhood source and derived-ledger synchronization	Preserve current authority; do not re-import PR #66	status=approved; source commit retained for provenance; Evidence only — not configuration or deployment authority
P-H04-232	PR #66 selected input	Owner-selected PR #66 Profile 1 value for Defaults.assetConfigs[WETH].config.customAuctionParams.delay.	Defaults.assetConfigs[WETH].config.customAuctionParams.delay	P-H04-232	contracts/config/DefaultsRobinHood.vy::Defaults.assetConfigs[WETH].config.customAuctionParams.delay	0	0	current human-edited Blueprint/Defaults authority represented in derived ledger	already_accepted_current_authority	PR #66 0f79b626c6ec4788ba43b3132ada9ebec6084f2a; config/robinhood-parameters.json at 5f5d22b7ee78cbb904c4fe3c6e46599c330c4353	exact Git/derived-ledger reconciliation	none	D-H04-22	no	no	DefaultsRobinhood source and derived-ledger synchronization	Preserve current authority; do not re-import PR #66	status=approved; source commit retained for provenance; Evidence only — not configuration or deployment authority
P-H04-233	PR #66 selected input	Owner-selected PR #66 Profile 1 value for Defaults.assetConfigs[WETH].config.customAuctionParams.duration.	Defaults.assetConfigs[WETH].config.customAuctionParams.duration	P-H04-233	contracts/config/DefaultsRobinHood.vy::Defaults.assetConfigs[WETH].config.customAuctionParams.duration	0	0	current human-edited Blueprint/Defaults authority represented in derived ledger	already_accepted_current_authority	PR #66 0f79b626c6ec4788ba43b3132ada9ebec6084f2a; config/robinhood-parameters.json at 5f5d22b7ee78cbb904c4fe3c6e46599c330c4353	exact Git/derived-ledger reconciliation	none	D-H04-22	no	no	DefaultsRobinhood source and derived-ledger synchronization	Preserve current authority; do not re-import PR #66	status=approved; source commit retained for provenance; Evidence only — not configuration or deployment authority
P-H04-234	PR #66 selected input	Owner-selected PR #66 Profile 1 value for Defaults.assetConfigs[WETH].config.whitelist.	Defaults.assetConfigs[WETH].config.whitelist	P-H04-234	contracts/config/DefaultsRobinHood.vy::Defaults.assetConfigs[WETH].config.whitelist	"""empty(address)"""	"""empty(address)"""	current human-edited Blueprint/Defaults authority represented in derived ledger	already_accepted_current_authority	PR #66 0f79b626c6ec4788ba43b3132ada9ebec6084f2a; config/robinhood-parameters.json at 5f5d22b7ee78cbb904c4fe3c6e46599c330c4353	exact Git/derived-ledger reconciliation	none	D-H04-22	no	no	DefaultsRobinhood source and derived-ledger synchronization	Preserve current authority; do not re-import PR #66	status=approved; source commit retained for provenance; Evidence only — not configuration or deployment authority
P-H04-235	PR #66 selected input	Owner-selected PR #66 Profile 1 value for Defaults.assetConfigs[WETH].config.isNft.	Defaults.assetConfigs[WETH].config.isNft	P-H04-235	contracts/config/DefaultsRobinHood.vy::Defaults.assetConfigs[WETH].config.isNft	false	false	current human-edited Blueprint/Defaults authority represented in derived ledger	already_accepted_current_authority	PR #66 0f79b626c6ec4788ba43b3132ada9ebec6084f2a; config/robinhood-parameters.json at 5f5d22b7ee78cbb904c4fe3c6e46599c330c4353	exact Git/derived-ledger reconciliation	none	D-H04-22	no	no	DefaultsRobinhood source and derived-ledger synchronization	Preserve current authority; do not re-import PR #66	status=approved; source commit retained for provenance; Evidence only — not configuration or deployment authority
P-H04-298	PR #66 selected input	Canonical Robinhood value for Defaults.priorityLiqAssetVaults[0].vaultId.	Defaults.priorityLiqAssetVaults[0].vaultId	P-H04-298	contracts/config/DefaultsRobinHood.vy::Defaults.priorityLiqAssetVaults[0].vaultId	3	3	current human-edited Blueprint/Defaults authority represented in derived ledger	already_accepted_current_authority	PR #66 0f79b626c6ec4788ba43b3132ada9ebec6084f2a; config/robinhood-parameters.json at 5f5d22b7ee78cbb904c4fe3c6e46599c330c4353	exact Git/derived-ledger reconciliation	none	D-H04-22	no	no	DefaultsRobinhood source and derived-ledger synchronization	Preserve current authority; do not re-import PR #66	status=approved; source commit retained for provenance; Evidence only — not configuration or deployment authority
P-H04-299	PR #66 selected input	Canonical Robinhood value for Defaults.priorityLiqAssetVaults[0].asset.	Defaults.priorityLiqAssetVaults[0].asset	P-H04-299	contracts/config/DefaultsRobinHood.vy::Defaults.priorityLiqAssetVaults[0].asset	"""0xBeEff033F34C046626B8D0A041844C5d1A5409dd"""	"""0xBeEff033F34C046626B8D0A041844C5d1A5409dd"""	owner-selected external fact; independent acceptance pending	selected_external_fact_unverified	PR #66 0f79b626c6ec4788ba43b3132ada9ebec6084f2a; config/robinhood-parameters.json at 5f5d22b7ee78cbb904c4fe3c6e46599c330c4353	exact Git/derived-ledger reconciliation	address:STEAKHOUSE_USDG_VAULT:unverified	D-H04-22	yes	no	Independent external-fact verification; DefaultsRobinhood source and derived-ledger synchronization	Verify through the consolidated immutable-pin packet	status=external_fact; source commit retained for provenance; Evidence only — not configuration or deployment authority
P-H04-300	PR #66 selected input	Canonical Robinhood value for Defaults.priorityStabVaults[0].vaultId.	Defaults.priorityLiqAssetVaults[1].vaultId	P-H04-300	contracts/config/DefaultsRobinHood.vy::Defaults.priorityLiqAssetVaults[1].vaultId	3	3	current human-edited Blueprint/Defaults authority represented in derived ledger	already_accepted_current_authority	PR #66 0f79b626c6ec4788ba43b3132ada9ebec6084f2a; config/robinhood-parameters.json at 5f5d22b7ee78cbb904c4fe3c6e46599c330c4353	exact Git/derived-ledger reconciliation	none	D-H04-22	no	no	DefaultsRobinhood source and derived-ledger synchronization	Preserve current authority; do not re-import PR #66	status=approved; source commit retained for provenance; Evidence only — not configuration or deployment authority
P-H04-301	PR #66 selected input	Canonical Robinhood value for Defaults.priorityStabVaults[0].asset.	Defaults.priorityLiqAssetVaults[1].asset	P-H04-301	contracts/config/DefaultsRobinHood.vy::Defaults.priorityLiqAssetVaults[1].asset	"""0x0Bd7D308f8E1639FAb988df18A8011f41EAcAD73"""	"""0x0Bd7D308f8E1639FAb988df18A8011f41EAcAD73"""	owner-selected external fact; independent acceptance pending	selected_external_fact_unverified	PR #66 0f79b626c6ec4788ba43b3132ada9ebec6084f2a; config/robinhood-parameters.json at 5f5d22b7ee78cbb904c4fe3c6e46599c330c4353	exact Git/derived-ledger reconciliation	address:WETH:unverified	D-H04-22	yes	no	Independent external-fact verification; DefaultsRobinhood source and derived-ledger synchronization	Verify through the consolidated immutable-pin packet	status=external_fact; source commit retained for provenance; Evidence only — not configuration or deployment authority
P-H04-302	PR #66 selected input	Canonical Robinhood value for Defaults.priorityStabVaults[0].vaultId.	Defaults.priorityStabVaults[0].vaultId	P-H04-302	contracts/config/DefaultsRobinHood.vy::Defaults.priorityStabVaults[0].vaultId	1	1	current human-edited Blueprint/Defaults authority represented in derived ledger	already_accepted_current_authority	PR #66 0f79b626c6ec4788ba43b3132ada9ebec6084f2a; config/robinhood-parameters.json at 5f5d22b7ee78cbb904c4fe3c6e46599c330c4353	exact Git/derived-ledger reconciliation	none	D-H04-22	no	no	DefaultsRobinhood source and derived-ledger synchronization	Preserve current authority; do not re-import PR #66	status=approved; source commit retained for provenance; Evidence only — not configuration or deployment authority
P-H04-303	PR #66 selected input	Canonical Robinhood value for Defaults.priorityStabVaults[0].asset.	Defaults.priorityStabVaults[0].asset	P-H04-303	contracts/config/DefaultsRobinHood.vy::Defaults.priorityStabVaults[0].asset	"{""kind"":""typed_null"",""reason"":""The PR #66 sGREEN immutable is deployment-produced and remains unresolved.""}"	"{""kind"":""symbolic_binding"",""name"":""SGREEN_TOKEN""}"	deployment-produced identity; unresolved	deployment_produced_unresolved	PR #66 0f79b626c6ec4788ba43b3132ada9ebec6084f2a; config/robinhood-parameters.json at 5f5d22b7ee78cbb904c4fe3c6e46599c330c4353	exact Git/derived-ledger reconciliation	address:SGREEN_TOKEN:unresolved	D-H04-22	no	yes	DefaultsRobinhood source and derived-ledger synchronization	Produce and bind through the authorized deployment lifecycle	status=blocked; source commit retained for provenance; Evidence only — not configuration or deployment authority
P-H04-304	PR #66 selected input	Canonical Robinhood value for Defaults.priorityPriceSourceIds[0].	Defaults.priorityPriceSourceIds	P-H04-304	contracts/config/DefaultsRobinHood.vy::Defaults.priorityPriceSourceIds	[1,2,3]	[1,3]	current human-edited Blueprint/Defaults authority represented in derived ledger	intentionally_transformed	PR #66 0f79b626c6ec4788ba43b3132ada9ebec6084f2a; config/robinhood-parameters.json at 5f5d22b7ee78cbb904c4fe3c6e46599c330c4353	exact Git/derived-ledger reconciliation	none	D-H04-22	no	no	DefaultsRobinhood source and derived-ledger synchronization	Preserve the owner-reconciled transformation	status=approved; source commit retained for provenance; Evidence only — not configuration or deployment authority
P-H04-305	PR #66 selected input	PR #66 selects the exact empty lite-signer role collection.	Defaults.liteSigners[0]	P-H04-305	contracts/config/DefaultsRobinHood.vy::Defaults.liteSigners[0]	"""[]"""	[]	current human-edited Blueprint/Defaults authority represented in derived ledger	already_accepted_current_authority	PR #66 0f79b626c6ec4788ba43b3132ada9ebec6084f2a; config/robinhood-parameters.json at 5f5d22b7ee78cbb904c4fe3c6e46599c330c4353	exact Git/derived-ledger reconciliation	none	D-H04-22	no	no	DefaultsRobinhood source and derived-ledger synchronization	Preserve current authority; do not re-import PR #66	status=approved; source commit retained for provenance; Evidence only — not configuration or deployment authority
P-H04-389	PR #66 selected input	Approved graph contains AAPL, GREEN, RIPE, sGREEN, USDG, GREEN-USDG LP, and RIPE-WETH LP.	Deployment.DP-12.launchGraph.assetCount	P-H04-389	contracts/config/DefaultsRobinHood.vy::Deployment.DP-12.launchGraph.assetCount	5	5	current human-edited Blueprint/Defaults authority represented in derived ledger	already_accepted_current_authority	PR #66 0f79b626c6ec4788ba43b3132ada9ebec6084f2a; config/robinhood-parameters.json at 5f5d22b7ee78cbb904c4fe3c6e46599c330c4353	exact Git/derived-ledger reconciliation	none	D-H04-22	no	no	Canonical Robinhood deployment planning	Preserve current authority; do not re-import PR #66	status=approved; source commit retained for provenance; Evidence only — not configuration or deployment authority
P-H04-397	PR #66 selected input	Canonical Robinhood value for Deployment.DP-15.rewards.arePointsEnabled.	Deployment.DP-15.rewards.arePointsEnabled	P-H04-397	contracts/config/DefaultsRobinHood.vy::Deployment.DP-15.rewards.arePointsEnabled	true	true	current human-edited Blueprint/Defaults authority represented in derived ledger	already_accepted_current_authority	PR #66 0f79b626c6ec4788ba43b3132ada9ebec6084f2a; config/robinhood-parameters.json at 5f5d22b7ee78cbb904c4fe3c6e46599c330c4353	exact Git/derived-ledger reconciliation	none	D-H04-22	no	no	Canonical Robinhood deployment planning	Preserve current authority; do not re-import PR #66	status=approved; source commit retained for provenance; Evidence only — not configuration or deployment authority
P-H04-398	PR #66 selected input	Canonical Robinhood value for Deployment.DP-15.rewards.ripePerBlock.	Deployment.DP-15.rewards.ripePerBlock	P-H04-398	contracts/config/DefaultsRobinHood.vy::Deployment.DP-15.rewards.ripePerBlock	"""9000000000000000"""	9000000000000000	current human-edited Blueprint/Defaults authority represented in derived ledger	already_accepted_current_authority	PR #66 0f79b626c6ec4788ba43b3132ada9ebec6084f2a; config/robinhood-parameters.json at 5f5d22b7ee78cbb904c4fe3c6e46599c330c4353	exact Git/derived-ledger reconciliation	none	D-H04-22	no	no	Canonical Robinhood deployment planning	Preserve current authority; do not re-import PR #66	status=approved; source commit retained for provenance; Evidence only — not configuration or deployment authority
P-H04-409	PR #66 selected input	Canonical Robinhood value for Deployment.DP-18.roles.governance.	Deployment.DP-18.roles.governance	P-H04-409	config/BluePrint.py::Deployment.DP-18.roles.governance	"""0xe488a42D33b3Af5d3E5Cd5680938d8369716D1bf"""	"""0xe488a42D33b3Af5d3E5Cd5680938d8369716D1bf"""	owner-selected external fact; independent acceptance pending	selected_external_fact_unverified	PR #66 0f79b626c6ec4788ba43b3132ada9ebec6084f2a; config/robinhood-parameters.json at 5f5d22b7ee78cbb904c4fe3c6e46599c330c4353	exact Git/derived-ledger reconciliation	address:GOVERNANCE:unverified	D-H04-22	yes	no	Independent external-fact verification; Canonical Robinhood deployment planning	Verify through the consolidated immutable-pin packet	status=external_fact; source commit retained for provenance; Evidence only — not configuration or deployment authority
P-H04-410	PR #66 selected input	Canonical Robinhood value for Deployment.DP-18.roles.safe.	Deployment.DP-18.roles.safe	P-H04-410	config/BluePrint.py::Deployment.DP-18.roles.safe	"""0xe488a42D33b3Af5d3E5Cd5680938d8369716D1bf"""	"""0xe488a42D33b3Af5d3E5Cd5680938d8369716D1bf"""	owner-selected external fact; independent acceptance pending	selected_external_fact_unverified	PR #66 0f79b626c6ec4788ba43b3132ada9ebec6084f2a; config/robinhood-parameters.json at 5f5d22b7ee78cbb904c4fe3c6e46599c330c4353	exact Git/derived-ledger reconciliation	address:SAFE:unverified	D-H04-22	yes	no	Independent external-fact verification; Canonical Robinhood deployment planning	Verify through the consolidated immutable-pin packet	status=external_fact; source commit retained for provenance; Evidence only — not configuration or deployment authority
P-H04-421	PR #66 selected input	Canonical Robinhood value for Deployment.DP-20.teller.shouldPause.	Deployment.DP-20.teller.shouldPause	P-H04-421	config/BluePrint.py::Deployment.DP-20.teller.shouldPause	true	true	current human-edited Blueprint/Defaults authority represented in derived ledger	already_accepted_current_authority	PR #66 0f79b626c6ec4788ba43b3132ada9ebec6084f2a; config/robinhood-parameters.json at 5f5d22b7ee78cbb904c4fe3c6e46599c330c4353	exact Git/derived-ledger reconciliation	none	D-H04-22	no	no	Canonical Robinhood deployment planning	Preserve current authority; do not re-import PR #66	status=approved; source commit retained for provenance; Evidence only — not configuration or deployment authority
P-H04-422	PR #66 selected input	Canonical Robinhood value for Deployment.DP-21.endaoment.wethIdentity.	Deployment.DP-21.endaoment.wethIdentity	P-H04-422	config/BluePrint.py::Deployment.DP-21.endaoment.wethIdentity	"""0x0Bd7D308f8E1639FAb988df18A8011f41EAcAD73"""	"""0x0Bd7D308f8E1639FAb988df18A8011f41EAcAD73"""	owner-selected external fact; independent acceptance pending	selected_external_fact_unverified	PR #66 0f79b626c6ec4788ba43b3132ada9ebec6084f2a; config/robinhood-parameters.json at 5f5d22b7ee78cbb904c4fe3c6e46599c330c4353	exact Git/derived-ledger reconciliation	address:WETH:unverified	D-H04-22	yes	no	Independent external-fact verification; Canonical Robinhood deployment planning	Verify through the consolidated immutable-pin packet	status=external_fact; source commit retained for provenance; Evidence only — not configuration or deployment authority
P-H04-426	PR #66 selected input	Canonical Robinhood value for Deployment.DP-22.bondBooster.maxBoostRatio.	Deployment.DP-22.bondBooster.maxBoostRatio	P-H04-426	config/BluePrint.py::Deployment.DP-22.bondBooster.maxBoostRatio	20000	20000	current human-edited Blueprint/Defaults authority represented in derived ledger	already_accepted_current_authority	PR #66 0f79b626c6ec4788ba43b3132ada9ebec6084f2a; config/robinhood-parameters.json at 5f5d22b7ee78cbb904c4fe3c6e46599c330c4353	exact Git/derived-ledger reconciliation	none	D-H04-22	no	no	Canonical Robinhood deployment planning	Preserve current authority; do not re-import PR #66	status=approved; source commit retained for provenance; Evidence only — not configuration or deployment authority
P-H04-427	PR #66 selected input	Canonical Robinhood value for Deployment.DP-22.bondBooster.maxUnits.	Deployment.DP-22.bondBooster.maxUnits	P-H04-427	config/BluePrint.py::Deployment.DP-22.bondBooster.maxUnits	25000	25000	current human-edited Blueprint/Defaults authority represented in derived ledger	already_accepted_current_authority	PR #66 0f79b626c6ec4788ba43b3132ada9ebec6084f2a; config/robinhood-parameters.json at 5f5d22b7ee78cbb904c4fe3c6e46599c330c4353	exact Git/derived-ledger reconciliation	none	D-H04-22	no	no	Canonical Robinhood deployment planning	Preserve current authority; do not re-import PR #66	status=approved; source commit retained for provenance; Evidence only — not configuration or deployment authority
P-H04-428	PR #66 selected input	Canonical Robinhood value for Deployment.DP-22.bondBooster.minLockDuration.	Deployment.DP-22.bondBooster.minLockDuration	P-H04-428	config/BluePrint.py::Deployment.DP-22.bondBooster.minLockDuration	1296000	1296000	current human-edited Blueprint/Defaults authority represented in derived ledger	already_accepted_current_authority	PR #66 0f79b626c6ec4788ba43b3132ada9ebec6084f2a; config/robinhood-parameters.json at 5f5d22b7ee78cbb904c4fe3c6e46599c330c4353	exact Git/derived-ledger reconciliation	none	D-H04-22	no	no	Canonical Robinhood deployment planning	Preserve current authority; do not re-import PR #66	status=approved; source commit retained for provenance; Evidence only — not configuration or deployment authority
P-H04-429	PR #66 selected input	PR #66 selected external fact for Deployment.DP-23.external.chainlink.ethUsdFeed.	Deployment.DP-23.external.chainlink.ethUsdFeed	P-H04-429	config/BluePrint.py::Deployment.DP-23.external.chainlink.ethUsdFeed	"""0x78F3556b67E17Df817D51Ef5a990cDaF09E8d3A9"""	"""0x78F3556b67E17Df817D51Ef5a990cDaF09E8d3A9"""	owner-selected external fact; independent acceptance pending	selected_external_fact_unverified	PR #66 0f79b626c6ec4788ba43b3132ada9ebec6084f2a; config/robinhood-parameters.json at 5f5d22b7ee78cbb904c4fe3c6e46599c330c4353	exact Git/derived-ledger reconciliation	address:CHAINLINK_ETH_USD:unverified	D-H04-22	yes	no	Independent external-fact verification; Canonical Robinhood deployment planning	Verify through the consolidated immutable-pin packet	status=external_fact; source commit retained for provenance; Evidence only — not configuration or deployment authority
P-H04-430	PR #66 selected input	PR #66 selected external fact for Deployment.DP-23.external.chainlink.btcUsdFeed.	Deployment.DP-23.external.chainlink.btcUsdFeed	P-H04-430	config/BluePrint.py::Deployment.DP-23.external.chainlink.btcUsdFeed	"""0xa2c5184bF03d373Dc9dE4876eb4Bce595B460251"""	"""0xa2c5184bF03d373Dc9dE4876eb4Bce595B460251"""	owner-selected external fact; independent acceptance pending	selected_external_fact_unverified	PR #66 0f79b626c6ec4788ba43b3132ada9ebec6084f2a; config/robinhood-parameters.json at 5f5d22b7ee78cbb904c4fe3c6e46599c330c4353	exact Git/derived-ledger reconciliation	address:CHAINLINK_BTC_USD:unverified	D-H04-22	yes	no	Independent external-fact verification; Canonical Robinhood deployment planning	Verify through the consolidated immutable-pin packet	status=external_fact; source commit retained for provenance; Evidence only — not configuration or deployment authority
P-H04-431	PR #66 selected input	PR #66 selected external fact for Deployment.DP-23.external.chainlink.usdgUsdFeed.	Deployment.DP-23.external.chainlink.usdgUsdFeed	P-H04-431	config/BluePrint.py::Deployment.DP-23.external.chainlink.usdgUsdFeed	"""0x61B7e5650328764B076A108EFF5fa7282a1B9aD2"""	"""0x61B7e5650328764B076A108EFF5fa7282a1B9aD2"""	owner-selected external fact; independent acceptance pending	selected_external_fact_unverified	PR #66 0f79b626c6ec4788ba43b3132ada9ebec6084f2a; config/robinhood-parameters.json at 5f5d22b7ee78cbb904c4fe3c6e46599c330c4353	exact Git/derived-ledger reconciliation	address:CHAINLINK_USDG_USD:unverified	D-H04-22	yes	no	Independent external-fact verification; Canonical Robinhood deployment planning	Verify through the consolidated immutable-pin packet	status=external_fact; source commit retained for provenance; Evidence only — not configuration or deployment authority
P-H04-432	PR #66 selected input	PR #66 selected external fact for Deployment.DP-23.external.blueChipYield.morphoV2Factory.	Deployment.DP-23.external.blueChipYield.morphoV2Factory	P-H04-432	config/BluePrint.py::Deployment.DP-23.external.blueChipYield.morphoV2Factory	"""0x0FBad98595b0186dA120E41f77C102beb49f803c"""	"""0x0FBad98595b0186dA120E41f77C102beb49f803c"""	owner-selected external fact; independent acceptance pending	selected_external_fact_unverified	PR #66 0f79b626c6ec4788ba43b3132ada9ebec6084f2a; config/robinhood-parameters.json at 5f5d22b7ee78cbb904c4fe3c6e46599c330c4353	exact Git/derived-ledger reconciliation	address:MORPHO_V2_FACTORY:unverified	D-H04-22	yes	no	Independent external-fact verification; Canonical Robinhood deployment planning	Verify through the consolidated immutable-pin packet	status=external_fact; source commit retained for provenance; Evidence only — not configuration or deployment authority
P-H04-433	PR #66 selected input	PR #66 selected external fact for Deployment.DP-23.external.nativeEthSentinel.	Deployment.DP-23.external.nativeEthSentinel	P-H04-433	config/BluePrint.py::Deployment.DP-23.external.nativeEthSentinel	"""0xEeeeeEeeeEeEeeEeEeEeeEEEeeeeEeeeeeeeEEeE"""	"""0xEeeeeEeeeEeEeeEeEeEeeEEEeeeeEeeeeeeeEEeE"""	owner-selected external fact; independent acceptance pending	selected_external_fact_unverified	PR #66 0f79b626c6ec4788ba43b3132ada9ebec6084f2a; config/robinhood-parameters.json at 5f5d22b7ee78cbb904c4fe3c6e46599c330c4353	exact Git/derived-ledger reconciliation	address:NATIVE_ETH_SENTINEL:unverified	D-H04-22	yes	no	Independent external-fact verification; Canonical Robinhood deployment planning	Verify through the consolidated immutable-pin packet	status=external_fact; source commit retained for provenance; Evidence only — not configuration or deployment authority
P-H04-434	PR #66 selected input	PR #66 selected external fact for Deployment.DP-23.external.btcSentinel.	Deployment.DP-23.external.btcSentinel	P-H04-434	config/BluePrint.py::Deployment.DP-23.external.btcSentinel	"""0xbBbBBBBbbBBBbbbBbbBbbbbBBbBbbbbBbBbbBBbB"""	"""0xbBbBBBBbbBBBbbbBbbBbbbbBBbBbbbbBbBbbBBbB"""	owner-selected external fact; independent acceptance pending	selected_external_fact_unverified	PR #66 0f79b626c6ec4788ba43b3132ada9ebec6084f2a; config/robinhood-parameters.json at 5f5d22b7ee78cbb904c4fe3c6e46599c330c4353	exact Git/derived-ledger reconciliation	address:BTC_SENTINEL:unverified	D-H04-22	yes	no	Independent external-fact verification; Canonical Robinhood deployment planning	Verify through the consolidated immutable-pin packet	status=external_fact; source commit retained for provenance; Evidence only — not configuration or deployment authority
P-H04-435	PR #66 selected input	PR #66 selected external fact for Deployment.DP-23.external.arbSys.	Deployment.DP-23.external.arbSys	P-H04-435	config/BluePrint.py::Deployment.DP-23.external.arbSys	"""0x0000000000000000000000000000000000000064"""	"""0x0000000000000000000000000000000000000064"""	owner-selected external fact; independent acceptance pending	selected_external_fact_unverified	PR #66 0f79b626c6ec4788ba43b3132ada9ebec6084f2a; config/robinhood-parameters.json at 5f5d22b7ee78cbb904c4fe3c6e46599c330c4353	exact Git/derived-ledger reconciliation	address:ARB_SYS:unverified	D-H04-22	yes	no	Independent external-fact verification; Canonical Robinhood deployment planning	Verify through the consolidated immutable-pin packet	status=external_fact; source commit retained for provenance; Evidence only — not configuration or deployment authority
BLK-001	External canonical fact	ARB_SYS	ARB_SYS	address:ARB_SYS:unverified	candidate recorded	candidate only; never acceptance	unverified	External canonical fact	selected_external_fact_unverified	scripts/params/generate_robinhood_defaults.py --check at exact baseline	Accepted immutable-pin observation and owner binding	address:ARB_SYS:unverified	H-09 fork owner / SecOps	yes	no	canonical launch readiness and named component	Authorize the consolidated read-only RPC packet; then bind the observed value	Mapped exactly once in the dedicated blocker corpus; Evidence only — not configuration or deployment authority
BLK-002	External canonical fact	BTC_SENTINEL	BTC_SENTINEL	address:BTC_SENTINEL:unverified	candidate recorded	candidate only; never acceptance	unverified	External canonical fact	selected_external_fact_unverified	scripts/params/generate_robinhood_defaults.py --check at exact baseline	Accepted immutable-pin observation and owner binding	address:BTC_SENTINEL:unverified	H-09 fork owner / SecOps	yes	no	canonical launch readiness and named component	Authorize the consolidated read-only RPC packet; then bind the observed value	Mapped exactly once in the dedicated blocker corpus; Evidence only — not configuration or deployment authority
BLK-003	External canonical fact	CHAINLINK_BTC_USD	CHAINLINK_BTC_USD	address:CHAINLINK_BTC_USD:unverified	candidate recorded	candidate only; never acceptance	unverified	External canonical fact	selected_external_fact_unverified	scripts/params/generate_robinhood_defaults.py --check at exact baseline	Accepted immutable-pin observation and owner binding	address:CHAINLINK_BTC_USD:unverified	H-09 fork owner / SecOps	yes	no	canonical launch readiness and named component	Authorize the consolidated read-only RPC packet; then bind the observed value	Mapped exactly once in the dedicated blocker corpus; Evidence only — not configuration or deployment authority
BLK-004	External canonical fact	CHAINLINK_ETH_USD	CHAINLINK_ETH_USD	address:CHAINLINK_ETH_USD:unverified	candidate recorded	candidate only; never acceptance	unverified	External canonical fact	selected_external_fact_unverified	scripts/params/generate_robinhood_defaults.py --check at exact baseline	Accepted immutable-pin observation and owner binding	address:CHAINLINK_ETH_USD:unverified	H-09 fork owner / SecOps	yes	no	canonical launch readiness and named component	Authorize the consolidated read-only RPC packet; then bind the observed value	Mapped exactly once in the dedicated blocker corpus; Evidence only — not configuration or deployment authority
BLK-005	External canonical fact	CHAINLINK_USDG_USD	CHAINLINK_USDG_USD	address:CHAINLINK_USDG_USD:unverified	candidate recorded	candidate only; never acceptance	unverified	External canonical fact	selected_external_fact_unverified	scripts/params/generate_robinhood_defaults.py --check at exact baseline	Accepted immutable-pin observation and owner binding	address:CHAINLINK_USDG_USD:unverified	H-09 fork owner / SecOps	yes	no	canonical launch readiness and named component	Authorize the consolidated read-only RPC packet; then bind the observed value	Mapped exactly once in the dedicated blocker corpus; Evidence only — not configuration or deployment authority
BLK-006	Deployment-produced identity	CONTRIBUTOR_TEMPLATE	CONTRIBUTOR_TEMPLATE	address:CONTRIBUTOR_TEMPLATE:unresolved	candidate recorded	candidate only; never acceptance	unresolved	Deployment-produced identity	deployment_produced_unresolved	scripts/params/generate_robinhood_defaults.py --check at exact baseline	Deployment manifest, artifact hash, receipt, and owner binding	address:CONTRIBUTOR_TEMPLATE:unresolved	Deployment owner / H-05	no	yes	canonical launch readiness and named component	Produce during an authorized deployment; do not invent an address	Mapped exactly once in the dedicated blocker corpus; Evidence only — not configuration or deployment authority
BLK-007	External canonical fact	GOVERNANCE	GOVERNANCE	address:GOVERNANCE:unverified	candidate recorded	candidate only; never acceptance	unverified	External canonical fact	selected_external_fact_unverified	scripts/params/generate_robinhood_defaults.py --check at exact baseline	Accepted immutable-pin observation and owner binding	address:GOVERNANCE:unverified	H-09 fork owner / SecOps	yes	no	canonical launch readiness and named component	Authorize the consolidated read-only RPC packet; then bind the observed value	Mapped exactly once in the dedicated blocker corpus; Evidence only — not configuration or deployment authority
BLK-008	Deployment-produced identity	GREEN_TOKEN	GREEN_TOKEN	address:GREEN_TOKEN:unresolved	candidate recorded	candidate only; never acceptance	unresolved	Deployment-produced identity	deployment_produced_unresolved	scripts/params/generate_robinhood_defaults.py --check at exact baseline	Deployment manifest, artifact hash, receipt, and owner binding	address:GREEN_TOKEN:unresolved	Deployment owner / H-05	no	yes	canonical launch readiness and named component	Produce during an authorized deployment; do not invent an address	Mapped exactly once in the dedicated blocker corpus; Evidence only — not configuration or deployment authority
BLK-009	Deployment-produced identity	GUARDIAN	GUARDIAN	address:GUARDIAN:unresolved	none	n/a	unresolved	Deployment-produced identity	deployment_produced_unresolved	scripts/params/generate_robinhood_defaults.py --check at exact baseline	Deployment manifest, artifact hash, receipt, and owner binding	address:GUARDIAN:unresolved	Deployment owner / H-05	no	yes	canonical launch readiness and named component	Produce during an authorized deployment; do not invent an address	Mapped exactly once in the dedicated blocker corpus; Evidence only — not configuration or deployment authority
BLK-010	External canonical fact	MORPHO_V2_FACTORY	MORPHO_V2_FACTORY	address:MORPHO_V2_FACTORY:unverified	candidate recorded	candidate only; never acceptance	unverified	External canonical fact	selected_external_fact_unverified	scripts/params/generate_robinhood_defaults.py --check at exact baseline	Accepted immutable-pin observation and owner binding	address:MORPHO_V2_FACTORY:unverified	H-09 fork owner / SecOps	yes	no	canonical launch readiness and named component	Authorize the consolidated read-only RPC packet; then bind the observed value	Mapped exactly once in the dedicated blocker corpus; Evidence only — not configuration or deployment authority
BLK-011	External canonical fact	NATIVE_ETH_SENTINEL	NATIVE_ETH_SENTINEL	address:NATIVE_ETH_SENTINEL:unverified	candidate recorded	candidate only; never acceptance	unverified	External canonical fact	selected_external_fact_unverified	scripts/params/generate_robinhood_defaults.py --check at exact baseline	Accepted immutable-pin observation and owner binding	address:NATIVE_ETH_SENTINEL:unverified	H-09 fork owner / SecOps	yes	no	canonical launch readiness and named component	Authorize the consolidated read-only RPC packet; then bind the observed value	Mapped exactly once in the dedicated blocker corpus; Evidence only — not configuration or deployment authority
BLK-012	Deployment-produced identity	RIPE_TOKEN	RIPE_TOKEN	address:RIPE_TOKEN:unresolved	candidate recorded	candidate only; never acceptance	unresolved	Deployment-produced identity	deployment_produced_unresolved	scripts/params/generate_robinhood_defaults.py --check at exact baseline	Deployment manifest, artifact hash, receipt, and owner binding	address:RIPE_TOKEN:unresolved	Deployment owner / H-05	no	yes	canonical launch readiness and named component	Produce during an authorized deployment; do not invent an address	Mapped exactly once in the dedicated blocker corpus; Evidence only — not configuration or deployment authority
BLK-013	External canonical fact	SAFE	SAFE	address:SAFE:unverified	candidate recorded	candidate only; never acceptance	unverified	External canonical fact	selected_external_fact_unverified	scripts/params/generate_robinhood_defaults.py --check at exact baseline	Accepted immutable-pin observation and owner binding	address:SAFE:unverified	H-09 fork owner / SecOps	yes	no	canonical launch readiness and named component	Authorize the consolidated read-only RPC packet; then bind the observed value	Mapped exactly once in the dedicated blocker corpus; Evidence only — not configuration or deployment authority
BLK-014	Deployment-produced identity	SGREEN_TOKEN	SGREEN_TOKEN	address:SGREEN_TOKEN:unresolved	candidate recorded	candidate only; never acceptance	unresolved	Deployment-produced identity	deployment_produced_unresolved	scripts/params/generate_robinhood_defaults.py --check at exact baseline	Deployment manifest, artifact hash, receipt, and owner binding	address:SGREEN_TOKEN:unresolved	Deployment owner / H-05	no	yes	canonical launch readiness and named component	Produce during an authorized deployment; do not invent an address	Mapped exactly once in the dedicated blocker corpus; Evidence only — not configuration or deployment authority
BLK-015	External canonical fact	STEAKHOUSE_USDG_VAULT	STEAKHOUSE_USDG_VAULT	address:STEAKHOUSE_USDG_VAULT:unverified	candidate recorded	candidate only; never acceptance	unverified	External canonical fact	selected_external_fact_unverified	scripts/params/generate_robinhood_defaults.py --check at exact baseline	Accepted immutable-pin observation and owner binding	address:STEAKHOUSE_USDG_VAULT:unverified	H-09 fork owner / SecOps	yes	no	canonical launch readiness and named component	Authorize the consolidated read-only RPC packet; then bind the observed value	Mapped exactly once in the dedicated blocker corpus; Evidence only — not configuration or deployment authority
BLK-016	Deployment-produced identity	TRAINING_WHEELS	TRAINING_WHEELS	address:TRAINING_WHEELS:unresolved	candidate recorded	candidate only; never acceptance	unresolved	Deployment-produced identity	deployment_produced_unresolved	scripts/params/generate_robinhood_defaults.py --check at exact baseline	Deployment manifest, artifact hash, receipt, and owner binding	address:TRAINING_WHEELS:unresolved	Deployment owner / H-05	no	yes	canonical launch readiness and named component	Produce during an authorized deployment; do not invent an address	Mapped exactly once in the dedicated blocker corpus; Evidence only — not configuration or deployment authority
BLK-017	External canonical fact	USDG	USDG	address:USDG:unverified	candidate recorded	candidate only; never acceptance	unverified	External canonical fact	selected_external_fact_unverified	scripts/params/generate_robinhood_defaults.py --check at exact baseline	Accepted immutable-pin observation and owner binding	address:USDG:unverified	H-09 fork owner / SecOps	yes	no	canonical launch readiness and named component	Authorize the consolidated read-only RPC packet; then bind the observed value	Mapped exactly once in the dedicated blocker corpus; Evidence only — not configuration or deployment authority
BLK-018	External canonical fact	WETH	WETH	address:WETH:unverified	candidate recorded	candidate only; never acceptance	unverified	External canonical fact	selected_external_fact_unverified	scripts/params/generate_robinhood_defaults.py --check at exact baseline	Accepted immutable-pin observation and owner binding	address:WETH:unverified	H-09 fork owner / SecOps	yes	no	canonical launch readiness and named component	Authorize the consolidated read-only RPC packet; then bind the observed value	Mapped exactly once in the dedicated blocker corpus; Evidence only — not configuration or deployment authority
BLK-019	Fork/testnet input	Deployment.DP-04.ledger.actionBlockSourceBinding	Deployment.DP-04.ledger.actionBlockSourceBinding	input:Deployment.DP-04.ledger.actionBlockSourceBinding:unresolved	none	n/a	unresolved	Fork/testnet input	deployment_produced_unresolved	scripts/params/generate_robinhood_defaults.py --check at exact baseline	Accepted immutable child/L1 clock and endpoint packet	input:Deployment.DP-04.ledger.actionBlockSourceBinding:unresolved	H-09 fork owner	yes	no	canonical launch readiness and named component	Select the proposed immutable pin or another exact pin, then authorize the consolidated RPC packet	Mapped exactly once in the dedicated blocker corpus; Evidence only — not configuration or deployment authority
BLK-020	Product/configuration value	Deployment.DP-08.psm.allowlists	Deployment.DP-08.psm.allowlists	input:Deployment.DP-08.psm.allowlists:unresolved	none	n/a	unresolved	Product/configuration value	deployment_produced_unresolved	scripts/params/generate_robinhood_defaults.py --check at exact baseline	Owner-approved PSM parameters; reserve-custody and allowlist binding where applicable	input:Deployment.DP-08.psm.allowlists:unresolved	PSM owner / SecOps	no	no	canonical launch readiness and named component	Obtain the exact owner decision/evidence packet and regenerate the canonical ledger	Mapped exactly once in the dedicated blocker corpus; Evidence only — not configuration or deployment authority
BLK-021	Product/configuration value	Deployment.DP-08.psm.maxMintPerInterval	Deployment.DP-08.psm.maxMintPerInterval	input:Deployment.DP-08.psm.maxMintPerInterval:unresolved	none	n/a	unresolved	Product/configuration value	deployment_produced_unresolved	scripts/params/generate_robinhood_defaults.py --check at exact baseline	Owner-approved PSM parameters; reserve-custody and allowlist binding where applicable	input:Deployment.DP-08.psm.maxMintPerInterval:unresolved	PSM owner / SecOps	no	no	canonical launch readiness and named component	Obtain the exact owner decision/evidence packet and regenerate the canonical ledger	Mapped exactly once in the dedicated blocker corpus; Evidence only — not configuration or deployment authority
BLK-022	Product/configuration value	Deployment.DP-08.psm.maxRedeemPerInterval	Deployment.DP-08.psm.maxRedeemPerInterval	input:Deployment.DP-08.psm.maxRedeemPerInterval:unresolved	none	n/a	unresolved	Product/configuration value	deployment_produced_unresolved	scripts/params/generate_robinhood_defaults.py --check at exact baseline	Owner-approved PSM parameters; reserve-custody and allowlist binding where applicable	input:Deployment.DP-08.psm.maxRedeemPerInterval:unresolved	PSM owner / SecOps	no	no	canonical launch readiness and named component	Obtain the exact owner decision/evidence packet and regenerate the canonical ledger	Mapped exactly once in the dedicated blocker corpus; Evidence only — not configuration or deployment authority
BLK-023	Product/configuration value	Deployment.DP-08.psm.mintFee	Deployment.DP-08.psm.mintFee	input:Deployment.DP-08.psm.mintFee:unresolved	none	n/a	unresolved	Product/configuration value	deployment_produced_unresolved	scripts/params/generate_robinhood_defaults.py --check at exact baseline	Owner-approved PSM parameters; reserve-custody and allowlist binding where applicable	input:Deployment.DP-08.psm.mintFee:unresolved	PSM owner / SecOps	no	no	canonical launch readiness and named component	Obtain the exact owner decision/evidence packet and regenerate the canonical ledger	Mapped exactly once in the dedicated blocker corpus; Evidence only — not configuration or deployment authority
BLK-024	Product/configuration value	Deployment.DP-08.psm.numBlocksPerInterval	Deployment.DP-08.psm.numBlocksPerInterval	input:Deployment.DP-08.psm.numBlocksPerInterval:unresolved	none	n/a	unresolved	Product/configuration value	deployment_produced_unresolved	scripts/params/generate_robinhood_defaults.py --check at exact baseline	Owner-approved PSM parameters; reserve-custody and allowlist binding where applicable	input:Deployment.DP-08.psm.numBlocksPerInterval:unresolved	PSM owner / SecOps	no	no	canonical launch readiness and named component	Obtain the exact owner decision/evidence packet and regenerate the canonical ledger	Mapped exactly once in the dedicated blocker corpus; Evidence only — not configuration or deployment authority
BLK-025	Product/configuration value	Deployment.DP-08.psm.redeemFee	Deployment.DP-08.psm.redeemFee	input:Deployment.DP-08.psm.redeemFee:unresolved	none	n/a	unresolved	Product/configuration value	deployment_produced_unresolved	scripts/params/generate_robinhood_defaults.py --check at exact baseline	Owner-approved PSM parameters; reserve-custody and allowlist binding where applicable	input:Deployment.DP-08.psm.redeemFee:unresolved	PSM owner / SecOps	no	no	canonical launch readiness and named component	Obtain the exact owner decision/evidence packet and regenerate the canonical ledger	Mapped exactly once in the dedicated blocker corpus; Evidence only — not configuration or deployment authority
BLK-026	Product/configuration value	Deployment.DP-08.psm.reserveFunding	Deployment.DP-08.psm.reserveFunding	input:Deployment.DP-08.psm.reserveFunding:unresolved	none	n/a	unresolved	Product/configuration value	deployment_produced_unresolved	scripts/params/generate_robinhood_defaults.py --check at exact baseline	Owner-approved PSM parameters; reserve-custody and allowlist binding where applicable	input:Deployment.DP-08.psm.reserveFunding:unresolved	PSM owner / SecOps	no	no	canonical launch readiness and named component	Obtain the exact owner decision/evidence packet and regenerate the canonical ledger	Mapped exactly once in the dedicated blocker corpus; Evidence only — not configuration or deployment authority
BLK-027	Product/configuration value	Deployment.DP-09.psm.executionBinding	Deployment.DP-09.psm.executionBinding	input:Deployment.DP-09.psm.executionBinding:unresolved	none	n/a	unresolved	Product/configuration value	deployment_produced_unresolved	scripts/params/generate_robinhood_defaults.py --check at exact baseline	Owner-approved PSM parameters; reserve-custody and allowlist binding where applicable	input:Deployment.DP-09.psm.executionBinding:unresolved	PSM owner / SecOps	yes	no	canonical launch readiness and named component	Obtain the exact owner decision/evidence packet and regenerate the canonical ledger	Mapped exactly once in the dedicated blocker corpus; Evidence only — not configuration or deployment authority
BLK-028	Security/release prerequisite	Deployment.DP-10.aapl.P8	Deployment.DP-10.aapl.P8	input:Deployment.DP-10.aapl.P8:unresolved	none	n/a	unresolved	Security/release prerequisite	deployment_produced_unresolved	scripts/params/generate_robinhood_defaults.py --check at exact baseline	AAPL M1-M5 evidence plus owner-approved risk/auction/cap/route packet	input:Deployment.DP-10.aapl.P8:unresolved	AAPL qualification owner	no	no	canonical launch readiness and named component	Obtain the exact owner decision/evidence packet and regenerate the canonical ledger	Mapped exactly once in the dedicated blocker corpus; Evidence only — not configuration or deployment authority
BLK-029	Security/release prerequisite	Deployment.DP-10.aapl.auction	Deployment.DP-10.aapl.auction	input:Deployment.DP-10.aapl.auction:unresolved	none	n/a	unresolved	Security/release prerequisite	deployment_produced_unresolved	scripts/params/generate_robinhood_defaults.py --check at exact baseline	AAPL M1-M5 evidence plus owner-approved risk/auction/cap/route packet	input:Deployment.DP-10.aapl.auction:unresolved	AAPL qualification owner	no	no	canonical launch readiness and named component	Obtain the exact owner decision/evidence packet and regenerate the canonical ledger	Mapped exactly once in the dedicated blocker corpus; Evidence only — not configuration or deployment authority
BLK-030	External canonical fact	Deployment.DP-10.aapl.decimals	Deployment.DP-10.aapl.decimals	input:Deployment.DP-10.aapl.decimals:unresolved	none	n/a	unresolved	External canonical fact	deployment_produced_unresolved	scripts/params/generate_robinhood_defaults.py --check at exact baseline	AAPL M1-M5 evidence plus owner-approved risk/auction/cap/route packet	input:Deployment.DP-10.aapl.decimals:unresolved	AAPL qualification owner	yes	no	canonical launch readiness and named component	Obtain the exact owner decision/evidence packet and regenerate the canonical ledger	Mapped exactly once in the dedicated blocker corpus; Evidence only — not configuration or deployment authority
BLK-031	External canonical fact	Deployment.DP-10.aapl.feed	Deployment.DP-10.aapl.feed	input:Deployment.DP-10.aapl.feed:unresolved	none	n/a	unresolved	External canonical fact	deployment_produced_unresolved	scripts/params/generate_robinhood_defaults.py --check at exact baseline	AAPL M1-M5 evidence plus owner-approved risk/auction/cap/route packet	input:Deployment.DP-10.aapl.feed:unresolved	AAPL qualification owner	yes	no	canonical launch readiness and named component	Obtain the exact owner decision/evidence packet and regenerate the canonical ledger	Mapped exactly once in the dedicated blocker corpus; Evidence only — not configuration or deployment authority
BLK-032	Security/release prerequisite	Deployment.DP-10.aapl.globalCap	Deployment.DP-10.aapl.globalCap	input:Deployment.DP-10.aapl.globalCap:unresolved	none	n/a	unresolved	Security/release prerequisite	deployment_produced_unresolved	scripts/params/generate_robinhood_defaults.py --check at exact baseline	AAPL M1-M5 evidence plus owner-approved risk/auction/cap/route packet	input:Deployment.DP-10.aapl.globalCap:unresolved	AAPL qualification owner	no	no	canonical launch readiness and named component	Obtain the exact owner decision/evidence packet and regenerate the canonical ledger	Mapped exactly once in the dedicated blocker corpus; Evidence only — not configuration or deployment authority
BLK-033	External canonical fact	Deployment.DP-10.aapl.identity	Deployment.DP-10.aapl.identity	input:Deployment.DP-10.aapl.identity:unresolved	none	n/a	unresolved	External canonical fact	deployment_produced_unresolved	scripts/params/generate_robinhood_defaults.py --check at exact baseline	AAPL M1-M5 evidence plus owner-approved risk/auction/cap/route packet	input:Deployment.DP-10.aapl.identity:unresolved	AAPL qualification owner	yes	no	canonical launch readiness and named component	Obtain the exact owner decision/evidence packet and regenerate the canonical ledger	Mapped exactly once in the dedicated blocker corpus; Evidence only — not configuration or deployment authority
BLK-034	Security/release prerequisite	Deployment.DP-10.aapl.perUserCap	Deployment.DP-10.aapl.perUserCap	input:Deployment.DP-10.aapl.perUserCap:unresolved	none	n/a	unresolved	Security/release prerequisite	deployment_produced_unresolved	scripts/params/generate_robinhood_defaults.py --check at exact baseline	AAPL M1-M5 evidence plus owner-approved risk/auction/cap/route packet	input:Deployment.DP-10.aapl.perUserCap:unresolved	AAPL qualification owner	no	no	canonical launch readiness and named component	Obtain the exact owner decision/evidence packet and regenerate the canonical ledger	Mapped exactly once in the dedicated blocker corpus; Evidence only — not configuration or deployment authority
BLK-035	Security/release prerequisite	Deployment.DP-10.aapl.risk	Deployment.DP-10.aapl.risk	input:Deployment.DP-10.aapl.risk:unresolved	none	n/a	unresolved	Security/release prerequisite	deployment_produced_unresolved	scripts/params/generate_robinhood_defaults.py --check at exact baseline	AAPL M1-M5 evidence plus owner-approved risk/auction/cap/route packet	input:Deployment.DP-10.aapl.risk:unresolved	AAPL qualification owner	no	no	canonical launch readiness and named component	Obtain the exact owner decision/evidence packet and regenerate the canonical ledger	Mapped exactly once in the dedicated blocker corpus; Evidence only — not configuration or deployment authority
BLK-036	Security/release prerequisite	Deployment.DP-10.aapl.route	Deployment.DP-10.aapl.route	input:Deployment.DP-10.aapl.route:unresolved	none	n/a	unresolved	Security/release prerequisite	deployment_produced_unresolved	scripts/params/generate_robinhood_defaults.py --check at exact baseline	AAPL M1-M5 evidence plus owner-approved risk/auction/cap/route packet	input:Deployment.DP-10.aapl.route:unresolved	AAPL qualification owner	no	no	canonical launch readiness and named component	Obtain the exact owner decision/evidence packet and regenerate the canonical ledger	Mapped exactly once in the dedicated blocker corpus; Evidence only — not configuration or deployment authority
BLK-037	Security/release prerequisite	Deployment.DP-10.aapl.vault	Deployment.DP-10.aapl.vault	input:Deployment.DP-10.aapl.vault:unresolved	none	n/a	unresolved	Security/release prerequisite	deployment_produced_unresolved	scripts/params/generate_robinhood_defaults.py --check at exact baseline	AAPL M1-M5 evidence plus owner-approved risk/auction/cap/route packet	input:Deployment.DP-10.aapl.vault:unresolved	AAPL qualification owner	no	yes	canonical launch readiness and named component	Obtain the exact owner decision/evidence packet and regenerate the canonical ledger	Mapped exactly once in the dedicated blocker corpus; Evidence only — not configuration or deployment authority
BLK-038	Security/release prerequisite	Deployment.DP-11.stock.m2Movement	Deployment.DP-11.stock.m2Movement	input:Deployment.DP-11.stock.m2Movement:unresolved	none	n/a	unresolved	Security/release prerequisite	deployment_produced_unresolved	scripts/params/generate_robinhood_defaults.py --check at exact baseline	AAPL M1-M5 evidence plus owner-approved risk/auction/cap/route packet	input:Deployment.DP-11.stock.m2Movement:unresolved	AAPL qualification owner	yes	no	canonical launch readiness and named component	Obtain the exact owner decision/evidence packet and regenerate the canonical ledger	Mapped exactly once in the dedicated blocker corpus; Evidence only — not configuration or deployment authority
BLK-039	Security/release prerequisite	Deployment.DP-11.stock.m3CreditContainment	Deployment.DP-11.stock.m3CreditContainment	input:Deployment.DP-11.stock.m3CreditContainment:unresolved	none	n/a	unresolved	Security/release prerequisite	deployment_produced_unresolved	scripts/params/generate_robinhood_defaults.py --check at exact baseline	AAPL M1-M5 evidence plus owner-approved risk/auction/cap/route packet	input:Deployment.DP-11.stock.m3CreditContainment:unresolved	AAPL qualification owner	yes	no	canonical launch readiness and named component	Obtain the exact owner decision/evidence packet and regenerate the canonical ledger	Mapped exactly once in the dedicated blocker corpus; Evidence only — not configuration or deployment authority
BLK-040	Security/release prerequisite	Deployment.DP-11.stock.m4ComposedProof	Deployment.DP-11.stock.m4ComposedProof	input:Deployment.DP-11.stock.m4ComposedProof:unresolved	none	n/a	unresolved	Security/release prerequisite	deployment_produced_unresolved	scripts/params/generate_robinhood_defaults.py --check at exact baseline	AAPL M1-M5 evidence plus owner-approved risk/auction/cap/route packet	input:Deployment.DP-11.stock.m4ComposedProof:unresolved	AAPL qualification owner	yes	no	canonical launch readiness and named component	Obtain the exact owner decision/evidence packet and regenerate the canonical ledger	Mapped exactly once in the dedicated blocker corpus; Evidence only — not configuration or deployment authority
BLK-041	Security/release prerequisite	Deployment.DP-11.stock.m5ActivationBinding	Deployment.DP-11.stock.m5ActivationBinding	input:Deployment.DP-11.stock.m5ActivationBinding:unresolved	none	n/a	unresolved	Security/release prerequisite	deployment_produced_unresolved	scripts/params/generate_robinhood_defaults.py --check at exact baseline	AAPL M1-M5 evidence plus owner-approved risk/auction/cap/route packet	input:Deployment.DP-11.stock.m5ActivationBinding:unresolved	AAPL qualification owner	no	yes	canonical launch readiness and named component	Obtain the exact owner decision/evidence packet and regenerate the canonical ledger	Mapped exactly once in the dedicated blocker corpus; Evidence only — not configuration or deployment authority
BLK-042	Security/release prerequisite	Deployment.DP-11.stock.vaultArtifact	Deployment.DP-11.stock.vaultArtifact	input:Deployment.DP-11.stock.vaultArtifact:unresolved	none	n/a	unresolved	Security/release prerequisite	deployment_produced_unresolved	scripts/params/generate_robinhood_defaults.py --check at exact baseline	AAPL M1-M5 evidence plus owner-approved risk/auction/cap/route packet	input:Deployment.DP-11.stock.vaultArtifact:unresolved	AAPL qualification owner	no	yes	canonical launch readiness and named component	Obtain the exact owner decision/evidence packet and regenerate the canonical ledger	Mapped exactly once in the dedicated blocker corpus; Evidence only — not configuration or deployment authority
BLK-043	Security/release prerequisite	Deployment.DP-11.stock.vaultSlot	Deployment.DP-11.stock.vaultSlot	input:Deployment.DP-11.stock.vaultSlot:unresolved	none	n/a	unresolved	Security/release prerequisite	deployment_produced_unresolved	scripts/params/generate_robinhood_defaults.py --check at exact baseline	AAPL M1-M5 evidence plus owner-approved risk/auction/cap/route packet	input:Deployment.DP-11.stock.vaultSlot:unresolved	AAPL qualification owner	no	yes	canonical launch readiness and named component	Obtain the exact owner decision/evidence packet and regenerate the canonical ledger	Mapped exactly once in the dedicated blocker corpus; Evidence only — not configuration or deployment authority
BLK-044	Product/configuration value	Deployment.DP-13.stability.specialStabPoolId	Deployment.DP-13.stability.specialStabPoolId	input:Deployment.DP-13.stability.specialStabPoolId:unresolved	none	n/a	unresolved	Product/configuration value	deployment_produced_unresolved	scripts/params/generate_robinhood_defaults.py --check at exact baseline	Exact owner-selected special stability-pool identifier	input:Deployment.DP-13.stability.specialStabPoolId:unresolved	Stability pool owner	no	no	canonical launch readiness and named component	Obtain the exact owner decision/evidence packet and regenerate the canonical ledger	Mapped exactly once in the dedicated blocker corpus; Evidence only — not configuration or deployment authority
BLK-045	Deferred/non-launch item	Deployment.DP-14.lp.decimals	Deployment.DP-14.lp.decimals	input:Deployment.DP-14.lp.decimals:unresolved	none	n/a	unresolved	Deferred/non-launch item	deployment_produced_unresolved	scripts/params/generate_robinhood_defaults.py --check at exact baseline	Separate LP admission and oracle qualification; current launch posture is non-admission	input:Deployment.DP-14.lp.decimals:unresolved	LP admission owner	no	no	canonical launch readiness and named component	Keep deferred; correct stale LP topology text after Curve authority is integrated	Mapped exactly once in the dedicated blocker corpus; Evidence only — not configuration or deployment authority
BLK-046	Deferred/non-launch item	Deployment.DP-14.lp.depositLimits	Deployment.DP-14.lp.depositLimits	input:Deployment.DP-14.lp.depositLimits:unresolved	none	n/a	unresolved	Deferred/non-launch item	deployment_produced_unresolved	scripts/params/generate_robinhood_defaults.py --check at exact baseline	Separate LP admission and oracle qualification; current launch posture is non-admission	input:Deployment.DP-14.lp.depositLimits:unresolved	LP admission owner	no	no	canonical launch readiness and named component	Keep deferred; correct stale LP topology text after Curve authority is integrated	Mapped exactly once in the dedicated blocker corpus; Evidence only — not configuration or deployment authority
BLK-047	Deferred/non-launch item	Deployment.DP-14.lp.identities	Deployment.DP-14.lp.identities	input:Deployment.DP-14.lp.identities:unresolved	none	n/a	unresolved	Deferred/non-launch item	deployment_produced_unresolved	scripts/params/generate_robinhood_defaults.py --check at exact baseline	Separate LP admission and oracle qualification; current launch posture is non-admission	input:Deployment.DP-14.lp.identities:unresolved	LP admission owner	no	no	canonical launch readiness and named component	Keep deferred; correct stale LP topology text after Curve authority is integrated	Mapped exactly once in the dedicated blocker corpus; Evidence only — not configuration or deployment authority
BLK-048	Deferred/non-launch item	Deployment.DP-14.lp.oracleArtifacts	Deployment.DP-14.lp.oracleArtifacts	input:Deployment.DP-14.lp.oracleArtifacts:unresolved	none	n/a	unresolved	Deferred/non-launch item	deployment_produced_unresolved	scripts/params/generate_robinhood_defaults.py --check at exact baseline	Separate LP admission and oracle qualification; current launch posture is non-admission	input:Deployment.DP-14.lp.oracleArtifacts:unresolved	LP admission owner	no	no	canonical launch readiness and named component	Keep deferred; correct stale LP topology text after Curve authority is integrated	Mapped exactly once in the dedicated blocker corpus; Evidence only — not configuration or deployment authority
BLK-049	Security/release prerequisite	Deployment.DP-15.rewards.promotion	Deployment.DP-15.rewards.promotion	input:Deployment.DP-15.rewards.promotion:unresolved	none	n/a	unresolved	Security/release prerequisite	deployment_produced_unresolved	scripts/params/generate_robinhood_defaults.py --check at exact baseline	Approved B-REWARD-PROMOTION packet; byte binding alone is insufficient	input:Deployment.DP-15.rewards.promotion:unresolved	Reward promotion owner	no	no	canonical launch readiness and named component	Obtain the exact owner decision/evidence packet and regenerate the canonical ledger	Mapped exactly once in the dedicated blocker corpus; Evidence only — not configuration or deployment authority
BLK-050	Security/release prerequisite	Deployment.DP-16.ccip.promotion	Deployment.DP-16.ccip.promotion	input:Deployment.DP-16.ccip.promotion:unresolved	none	n/a	unresolved	Security/release prerequisite	deployment_produced_unresolved	scripts/params/generate_robinhood_defaults.py --check at exact baseline	Approved CCIP promotion and release packet	input:Deployment.DP-16.ccip.promotion:unresolved	CCIP promotion owner	no	no	canonical launch readiness and named component	Obtain the exact owner decision/evidence packet and regenerate the canonical ledger	Mapped exactly once in the dedicated blocker corpus; Evidence only — not configuration or deployment authority
BLK-051	Governance/operator/role binding	Deployment.DP-18.roles.guardian	Deployment.DP-18.roles.guardian	input:Deployment.DP-18.roles.guardian:unresolved	none	n/a	unresolved	Governance/operator/role binding	deployment_produced_unresolved	scripts/params/generate_robinhood_defaults.py --check at exact baseline	Exact role/recipient identity, authority, handoff, and deployment record	input:Deployment.DP-18.roles.guardian:unresolved	Deployment owner / SecOps	no	no	canonical launch readiness and named component	Obtain the exact owner decision/evidence packet and regenerate the canonical ledger	Mapped exactly once in the dedicated blocker corpus; Evidence only — not configuration or deployment authority
BLK-052	Governance/operator/role binding	Deployment.DP-18.roles.trainingWheelsAllowlist	Deployment.DP-18.roles.trainingWheelsAllowlist	input:Deployment.DP-18.roles.trainingWheelsAllowlist:unresolved	none	n/a	unresolved	Governance/operator/role binding	deployment_produced_unresolved	scripts/params/generate_robinhood_defaults.py --check at exact baseline	Exact role/recipient identity, authority, handoff, and deployment record	input:Deployment.DP-18.roles.trainingWheelsAllowlist:unresolved	Deployment owner / SecOps	no	no	canonical launch readiness and named component	Obtain the exact owner decision/evidence packet and regenerate the canonical ledger	Mapped exactly once in the dedicated blocker corpus; Evidence only — not configuration or deployment authority
BLK-053	Governance/operator/role binding	Deployment.DP-19.supply.GREEN.recipient	Deployment.DP-19.supply.GREEN.recipient	input:Deployment.DP-19.supply.GREEN.recipient:unresolved	none	n/a	unresolved	Governance/operator/role binding	deployment_produced_unresolved	scripts/params/generate_robinhood_defaults.py --check at exact baseline	Exact role/recipient identity, authority, handoff, and deployment record	input:Deployment.DP-19.supply.GREEN.recipient:unresolved	Deployment owner / SecOps	no	yes	canonical launch readiness and named component	Obtain the exact owner decision/evidence packet and regenerate the canonical ledger	Mapped exactly once in the dedicated blocker corpus; Evidence only — not configuration or deployment authority
BLK-054	Governance/operator/role binding	Deployment.DP-19.supply.RIPE.recipient	Deployment.DP-19.supply.RIPE.recipient	input:Deployment.DP-19.supply.RIPE.recipient:unresolved	none	n/a	unresolved	Governance/operator/role binding	deployment_produced_unresolved	scripts/params/generate_robinhood_defaults.py --check at exact baseline	Exact role/recipient identity, authority, handoff, and deployment record	input:Deployment.DP-19.supply.RIPE.recipient:unresolved	Deployment owner / SecOps	no	yes	canonical launch readiness and named component	Obtain the exact owner decision/evidence packet and regenerate the canonical ledger	Mapped exactly once in the dedicated blocker corpus; Evidence only — not configuration or deployment authority
BLK-055	Governance/operator/role binding	Deployment.DP-19.supply.SGREEN.recipient	Deployment.DP-19.supply.SGREEN.recipient	input:Deployment.DP-19.supply.SGREEN.recipient:unresolved	none	n/a	unresolved	Governance/operator/role binding	deployment_produced_unresolved	scripts/params/generate_robinhood_defaults.py --check at exact baseline	Exact role/recipient identity, authority, handoff, and deployment record	input:Deployment.DP-19.supply.SGREEN.recipient:unresolved	Deployment owner / SecOps	no	yes	canonical launch readiness and named component	Obtain the exact owner decision/evidence packet and regenerate the canonical ledger	Mapped exactly once in the dedicated blocker corpus; Evidence only — not configuration or deployment authority
BLK-056	Product/configuration value	Deployment.DP-21.endaoment.nativeDecimals	Deployment.DP-21.endaoment.nativeDecimals	input:Deployment.DP-21.endaoment.nativeDecimals:unresolved	none	n/a	unresolved	Product/configuration value	deployment_produced_unresolved	scripts/params/generate_robinhood_defaults.py --check at exact baseline	Owner-selected native-token metadata and integration packet	input:Deployment.DP-21.endaoment.nativeDecimals:unresolved	Endaoment integration owner	no	no	canonical launch readiness and named component	Obtain the exact owner decision/evidence packet and regenerate the canonical ledger	Mapped exactly once in the dedicated blocker corpus; Evidence only — not configuration or deployment authority
BLK-057	Product/configuration value	Deployment.DP-21.endaoment.nativeName	Deployment.DP-21.endaoment.nativeName	input:Deployment.DP-21.endaoment.nativeName:unresolved	none	n/a	unresolved	Product/configuration value	deployment_produced_unresolved	scripts/params/generate_robinhood_defaults.py --check at exact baseline	Owner-selected native-token metadata and integration packet	input:Deployment.DP-21.endaoment.nativeName:unresolved	Endaoment integration owner	no	no	canonical launch readiness and named component	Obtain the exact owner decision/evidence packet and regenerate the canonical ledger	Mapped exactly once in the dedicated blocker corpus; Evidence only — not configuration or deployment authority
BLK-058	Product/configuration value	Deployment.DP-21.endaoment.nativeSymbol	Deployment.DP-21.endaoment.nativeSymbol	input:Deployment.DP-21.endaoment.nativeSymbol:unresolved	none	n/a	unresolved	Product/configuration value	deployment_produced_unresolved	scripts/params/generate_robinhood_defaults.py --check at exact baseline	Owner-selected native-token metadata and integration packet	input:Deployment.DP-21.endaoment.nativeSymbol:unresolved	Endaoment integration owner	no	no	canonical launch readiness and named component	Obtain the exact owner decision/evidence packet and regenerate the canonical ledger	Mapped exactly once in the dedicated blocker corpus; Evidence only — not configuration or deployment authority
SUP-PR-001	PR #66 implementation	Defaults filename casing	n/a	n/a	n/a	contracts/config/DefaultsRobinHood.vy	contracts/config/DefaultsRobinhood.vy	supplementary implementation/decision evidence	superseded_by_current_authority	Repository source	repository/public-document reconciliation	see component and relevant BLK row	Migration	no	no	Migration agent	Use the current filename and import graph; do not reuse PR #66 casing.	Evidence only — not configuration or deployment authority
SUP-PR-002	PR #66 implementation	Defaults constructor bindings	n/a	n/a	n/a	five inputs	eight ordered inputs	supplementary implementation/decision evidence	superseded_by_current_authority	Repository source	repository/public-document reconciliation	see component and relevant BLK row	Migration	no	no	Migration agent	Use the current eight-binding constructor interface.	Evidence only — not configuration or deployment authority
SUP-PR-003	PR #66 implementation	BlueChipYield PriceDesk ID	n/a	n/a	n/a	2	3	supplementary implementation/decision evidence	intentionally_transformed	Owner-reconciled current authority	repository/public-document reconciliation	see component and relevant BLK row	Curve and migration	no	no	Curve and migration agents	Keep BlueChipYield at ID 3; reserve ID 2 for the reopened Curve lane.	Evidence only — not configuration or deployment authority
SUP-PR-004	PR #66 implementation	Price priority IDs	n/a	n/a	n/a	[1,2,3]	[1,3]	supplementary implementation/decision evidence	intentionally_transformed	Owner-reconciled current authority	repository/public-document reconciliation	see component and relevant BLK row	Curve and migration	no	no	Curve and migration agents	Do not add Curve ID 2 to the global priority list.	Evidence only — not configuration or deployment authority
SUP-PR-005	PR #66 implementation	Mainnet-only migration layout	n/a	n/a	n/a	old migrations/robinhood-mainnet layout	shared migrations/robinhood consumer	supplementary implementation/decision evidence	obsolete_implementation_detail	Git history and current repository	repository/public-document reconciliation	see component and relevant BLK row	Migration	no	no	Migration agent	Use the current shared migration consumer and typed blockers.	Evidence only — not configuration or deployment authority
SUP-PR-006	PR #66 implementation	Custom runner/history workflow	n/a	n/a	n/a	old custom runner/history	current manifest-backed workflow	supplementary implementation/decision evidence	obsolete_implementation_detail	Git history and current repository	repository/public-document reconciliation	see component and relevant BLK row	Migration	no	no	Migration agent	Do not resurrect the old runner or history format.	Evidence only — not configuration or deployment authority
SUP-PR-007	PR #66 implementation	Morpho implementation	n/a	n/a	n/a	older Morpho adapter	integrated Morpho V2 defensive implementation	supplementary implementation/decision evidence	superseded_by_current_authority	contracts/priceSources/BlueChipYieldPrices.vy	repository/public-document reconciliation	see component and relevant BLK row	Morpho/fork	yes	no	Morpho/fork agents	Use the integrated implementation and tests; verify factory/vault state at the accepted pin.	Evidence only — not configuration or deployment authority
SUP-PR-008	PR #66 implementation	Curve deployment code	n/a	n/a	n/a	disabled legacy create/fund path	active owner-directed Curve qualification candidate	supplementary implementation/decision evidence	obsolete_implementation_detail	Git history and active isolated Curve worktree	repository/public-document reconciliation	see component and relevant BLK row	Curve	yes	yes	Curve agent	Do not reuse the legacy create/fund path, funding assumptions, or pool identity.	Evidence only — not configuration or deployment authority
SUP-CURVE-001	Curve	Curve launch inclusion	n/a	n/a	n/a	omitted/disabled	reopened owner-directed workstream; not integrated	supplementary implementation/decision evidence	reopened_by_later_owner_decision	active Curve qualification worktree	repository/public-document reconciliation	see component and relevant BLK row	Curve and migration	yes	yes	Curve and migration agents	Finish external registry/factory proof, owner inputs, and deployment-produced pool identity before integration.	Evidence only — not configuration or deployment authority
SUP-CURVE-002	Curve	AddressProvider and registries	n/a	n/a	n/a	n/a	AddressProvider 0x4574921eb950d3Fd5B01562162EC566Cb8bc3648; ID7 0xe6dA14500f0b5783E2325F9C5a7eE5d99DA0fB42; ID11 0x6E28493348446503db04A49621d8e6C9A40015FB; ID12 0x8271e06E5887FE5ba05234f5315c19f3Ec90E8aD; ID13 0xe7FBd704B938cB8fe26313C3464D4b7B7348c88C	supplementary implementation/decision evidence	selected_external_fact_unverified	official Curve robinhood.yaml candidate	repository/public-document reconciliation	see component and relevant BLK row	Curve/fork	yes	no	Curve/fork agents	Verify registry positions, runtime hashes, implementations, admins, fee receivers, and mutability at the accepted pin.	Evidence only — not configuration or deployment authority
SUP-CURVE-003	Curve	GREEN/USDG pool	n/a	n/a	n/a	n/a	deployment-produced; USDG/GREEN; 6/18; A=100; fee=4000000; offpeg=20000000000; ma_exp_time=600	supplementary implementation/decision evidence	deployment_produced_unresolved	active Curve qualification candidate	repository/public-document reconciliation	see component and relevant BLK row	Curve/deployment	yes	yes	Curve/deployment agents	Owner-bind parameters and custody/funding/slippage/min-mint/withdrawal/min-reserve inputs; derive the pool address only from the authorized deployment.	Evidence only — not configuration or deployment authority
SUP-MORPHO-001	Morpho	Morpho V2 factory	n/a	n/a	n/a	older candidate	0x0FBad98595b0186dA120E41f77C102beb49f803c	supplementary implementation/decision evidence	independently_verified_external_fact	official Morpho addresses documentation plus current ledger	repository/public-document reconciliation	see component and relevant BLK row	Morpho/fork	yes	no	Morpho/fork agents	Treat documentation as independent address corroboration only; bind code and factory behavior at the accepted pin.	Evidence only — not configuration or deployment authority
SUP-MORPHO-002	Morpho	SteakHouse USDG vault	n/a	n/a	n/a	PR candidate	0xBeEff033F34C046626B8D0A041844C5d1A5409dd	supplementary implementation/decision evidence	selected_external_fact_unverified	current Defaults and Morpho V2 repository implementation	repository/public-document reconciliation	see component and relevant BLK row	Morpho/fork	yes	no	Morpho/fork agents	Verify factory membership, asset, decimals, totalSupply, convertToAssets, code, ownership, and controls at the accepted pin.	Evidence only — not configuration or deployment authority
SUP-NET-001	Network/fork	Robinhood mainnet profile	n/a	n/a	n/a	n/a	chain 4663; Ethereum mainnet parent	supplementary implementation/decision evidence	independently_verified_external_fact	official Robinhood Connecting and Protocol contracts documentation	repository/public-document reconciliation	see component and relevant BLK row	H-09 fork	yes	no	H-09 fork agent	Bind the official identity to an accepted immutable fork packet.	Evidence only — not configuration or deployment authority
SUP-NET-002	Network/fork	Historical immutable-pin candidate	n/a	n/a	n/a	n/a	N=19342402 (0x1272442), hash=0xc6c7cd0d7d238e472a265e4e4b854c29341d29a072d1d9ad4b1d963f96244f65; previous=19342401, hash=0xc13ace60537ea60742a2d3efa8007c92fe2cda40e2e3353cf3f01dcb86055792	supplementary implementation/decision evidence	selected_external_fact_unverified	docs/chains/rh/evidence/ledger-action-block-mainnet-fork.json	repository/public-document reconciliation	see component and relevant BLK row	H-09 fork	yes	no	H-09 fork agent	Owner-select or reject this historical pair; re-observe exact headers, receipt, L1 mapping, state root, finality, and archive capability through the consolidated packet.	Evidence only — not configuration or deployment authority
SUP-AAPL-001	AAPL	AAPL token candidate	n/a	n/a	n/a	n/a	0xaF3D76f1834A1d425780943C99Ea8A608f8a93f9	supplementary implementation/decision evidence	selected_external_fact_unverified	official Robinhood Stock Token APIs and active AAPL candidate	repository/public-document reconciliation	see component and relevant BLK row	AAPL/fork	yes	no	AAPL/fork agents	Verify proxy/runtime/control/multiplier/decimals/pausing/freezing and code at the accepted pin.	Evidence only — not configuration or deployment authority
SUP-AAPL-002	AAPL	AAPL feed candidate	n/a	n/a	n/a	n/a	0x6B22A786bAa607d76728168703a39Ea9C99f2cD0	supplementary implementation/decision evidence	selected_external_fact_unverified	official Chainlink Robinhood registry	repository/public-document reconciliation	see component and relevant BLK row	AAPL/fork	yes	no	AAPL/fork agents	Verify proxy/aggregator/round/heartbeat/session/corporate-action behavior at the accepted pin.	Evidence only — not configuration or deployment authority
SUP-AAPL-003	AAPL	16-input qualification census	n/a	n/a	n/a	n/a	4 repository candidate artifacts; 12 unresolved activation inputs	supplementary implementation/decision evidence	reopened_by_later_owner_decision	active AAPL qualification worktree and baseline readiness ledger	repository/public-document reconciliation	see component and relevant BLK row	AAPL/deployment	yes	yes	AAPL/deployment agents	Preserve all 16 baseline blockers until the owner integrates approved evidence; do not approve P8, caps, risk, auction, route, vault slot, or M5 here.	Evidence only — not configuration or deployment authority
SUP-REWARD-001	Rewards	PR #66 reward numerics	n/a	n/a	n/a	PR #66 Defaults	1000 RIPE budget; 0.009 RIPE/block; borrower/staker 10/90; auto-stake 0/0; lock 75%; stability 33%; 1 RIPE/USD	supplementary implementation/decision evidence	already_accepted_current_authority	current Defaults and canonical ledger	repository/public-document reconciliation	see component and relevant BLK row	Reward qualification owner	no	no	Reward qualification owner	Retain the current numeric inputs; they are not promotion authority.	Evidence only — not configuration or deployment authority
SUP-REWARD-002	Rewards	B-REWARD-PROMOTION	n/a	n/a	n/a	n/a	open	supplementary implementation/decision evidence	deployment_produced_unresolved	active reward qualification candidate	repository/public-document reconciliation	see component and relevant BLK row	Reward promotion/deployment owners	no	yes	Reward promotion/deployment owners	Approve budget sharing, runway, operating controls, and promotion packet; byte binding alone does not close DP-15.	Evidence only — not configuration or deployment authority
SUP-LP-001	LP	Launch LP admission	n/a	n/a	n/a	n/a	GREEN/USDG LP and RIPE/WETH LP not admitted; neither is a launch oracle	supplementary implementation/decision evidence	already_accepted_current_authority	published LP qualification	repository/public-document reconciliation	see component and relevant BLK row	LP and Curve	no	no	LP and Curve agents	Keep LP tokens separate from GREEN Curve pricing and from launch admission.	Evidence only — not configuration or deployment authority
SUP-LP-002	LP	LP topology documentation	n/a	n/a	n/a	n/a	published slot-2-empty/Profile-2-only statements become stale if Curve authority integrates	supplementary implementation/decision evidence	reopened_by_later_owner_decision	published LP qualification plus active Curve workstream	repository/public-document reconciliation	see component and relevant BLK row	LP documentation owner	no	no	LP documentation owner	After Curve integration, correct topology text while preserving LP non-admission, no-LP-oracle, no-PSM-funding, and priority [1,3].	Evidence only — not configuration or deployment authority
SUP-ORACLE-001	Oracle	Price-source boundaries	n/a	n/a	n/a	PR #66 assumptions	USDG and PSM Chainlink-only; no USDG Curve feed; Uniswap unavailable; priority [1,3]	supplementary implementation/decision evidence	superseded_by_current_authority	current Blueprint/Defaults and qualification docs	repository/public-document reconciliation	see component and relevant BLK row	Oracle/Curve	yes	no	Oracle/Curve agents	Keep the boundaries literal through Curve integration.	Evidence only — not configuration or deployment authority
SUP-ORACLE-002	Oracle	Robinhood sequencer/liveness policy	n/a	n/a	n/a	n/a	no accepted Robinhood Chainlink sequencer feed; separate operational policy required	supplementary implementation/decision evidence	deployment_produced_unresolved	official Robinhood/Chainlink docs and current qualification	repository/public-document reconciliation	see component and relevant BLK row	Oracle/SecOps owners	yes	no	Oracle/SecOps owners	Owner-bind liveness signals, grace/recovery/finality/contradiction rules and monitoring ownership; do not invent a feed.	Evidence only — not configuration or deployment authority
